entry_time,decision_time,side,entry,exit,raw_return,net_return,win,exit_reason
2025-01-24 13:00:00,2025-01-24 12:00:00,BUY,1.0477787256240845,1.0507165474042277,0.0028038570628483583,0.0027084170643501665,1,tp
2025-01-27 02:00:00,2025-01-27 01:00:00,BUY,1.04657244682312,1.049097776412964,0.002412952488391795,0.0023174024858061636,1,timeout
2025-01-27 11:00:00,2025-01-27 10:00:00,BUY,1.0508617162704468,1.0487676858901978,-0.001992679291506483,-0.0020878392906307293,0,timeout
2025-01-28 04:00:00,2025-01-28 03:00:00,SELL,1.043187975883484,1.0427528619766235,0.0004171001937518515,0.00032124019314619916,1,timeout
2025-01-28 13:00:00,2025-01-28 12:00:00,SELL,1.0423181056976318,1.043514609336853,-0.0011479256022519646,-0.0012438656031531954,0,timeout
2025-01-29 01:00:00,2025-01-29 00:00:00,SELL,1.0434056520462036,1.0427528619766235,0.0006256340171244545,0.000529794014912571,1,timeout
2025-01-29 10:00:00,2025-01-29 09:00:00,SELL,1.0407993793487549,1.0430115204338517,-0.002125425061726194,-0.0022215050575295843,0,sl
2025-01-30 03:00:00,2025-01-30 02:00:00,BUY,1.042535424232483,1.0403661727905271,-0.002080746026978164,-0.0021766660289997937,0,timeout
2025-01-30 12:00:00,2025-01-30 11:00:00,SELL,1.0396090745925903,1.0418820036059306,-0.002186330486035004,-0.002282520489031264,0,sl
2025-01-30 15:00:00,2025-01-30 14:00:00,SELL,1.0432968139648438,1.0399452311053,0.003212492183127469,0.00311664218276183,1,tp
2025-01-31 01:00:00,2025-01-31 00:00:00,BUY,1.0388531684875488,1.0387451648712158,-0.00010396427484571369,-0.00020022426907145065,0,timeout
2025-01-31 10:00:00,2025-01-31 09:00:00,BUY,1.0385295152664185,1.041466559477574,0.002828079672249073,0.0027317896790134484,1,tp
2025-01-31 19:00:00,2025-01-31 18:00:00,BUY,1.0371291637420654,1.0332536659392186,-0.0037367552069055288,-0.0038331752127215737,0,sl
2025-02-03 03:00:00,2025-02-03 02:00:00,SELL,1.022494912147522,1.0244851112365725,-0.0019464146622212297,-0.0020442146598661786,0,timeout
2025-02-03 12:00:00,2025-02-03 11:00:00,BUY,1.0255358219146729,1.0301876616047279,0.004536008972724215,0.0044384989707690415,1,tp
2025-02-03 22:00:00,2025-02-03 21:00:00,SELL,1.0351966619491575,1.0296933136236008,0.005316234613039095,0.005219634610666877,1,tp
2025-02-04 07:00:00,2025-02-04 06:00:00,BUY,1.0306090116500854,1.034909134383016,0.004172409404848532,0.004075379397474647,1,tp
2025-02-04 11:00:00,2025-02-04 10:00:00,BUY,1.033698558807373,1.037835116790244,0.004001706249492587,0.003904966248117936,1,tp
2025-02-05 02:00:00,2025-02-05 01:00:00,SELL,1.0375596284866333,1.040453145092654,-0.002788771388726019,-0.0028851513916236435,0,sl
2025-02-05 09:00:00,2025-02-05 08:00:00,SELL,1.0409077405929563,1.0419923067092896,-0.0010419425987893138,-0.0011380125924114525,0,timeout
2025-02-06 02:00:00,2025-02-06 01:00:00,BUY,1.0405826568603516,1.0382757882268665,-0.0022169009047732224,-0.00231300091118859,0,sl
2025-02-06 09:00:00,2025-02-06 08:00:00,SELL,1.036806583404541,1.0369141101837158,-0.00010370958373129291,-0.00020015958858333774,0,timeout
2025-02-07 02:00:00,2025-02-07 01:00:00,SELL,1.0387451648712158,1.0393929481506348,-0.0006236209816670168,-0.0007198909845337912,0,timeout
2025-02-07 11:00:00,2025-02-07 10:00:00,BUY,1.038421630859375,1.0364335014156087,-0.0019145685959188752,-0.0020108685929800326,0,sl
2025-02-10 01:00:00,2025-02-10 00:00:00,SELL,1.0313531160354614,1.032417893409729,-0.0010324081613877212,-0.0011293681632000992,0,timeout
2025-02-10 10:00:00,2025-02-10 09:00:00,BUY,1.0328444242477417,1.0314594507217407,-0.001340931406014656,-0.00143775140876854,0,timeout
2025-02-11 03:00:00,2025-02-11 02:00:00,BUY,1.0295480489730835,1.031527676302865,0.001922811987022932,0.0018256819889623807,1,tp
2025-02-11 10:00:00,2025-02-11 09:00:00,SELL,1.0320981740951538,1.0339118066175568,-0.001757228689986734,-0.0018541186976525944,0,sl
2025-02-11 16:00:00,2025-02-11 15:00:00,SELL,1.0342330932617188,1.036144427200636,-0.001848068826427962,-0.0019447588285672521,0,sl
2025-02-12 02:00:00,2025-02-12 01:00:00,SELL,1.0362694263458252,1.0375596284866333,-0.0012450450703325178,-0.0013415450706776287,0,timeout
2025-02-12 11:00:00,2025-02-12 10:00:00,BUY,1.037882685661316,1.0360221160063636,-0.00179265892056657,-0.0018890089236849688,0,sl
2025-02-13 01:00:00,2025-02-13 00:00:00,BUY,1.0392849445343018,1.04251009673538,0.0031032415297072014,0.003007021527169967,1,tp
2025-02-13 07:00:00,2025-02-13 06:00:00,BUY,1.0437324047088623,1.0407716353952114,-0.002836713031322158,-0.0029325230296980286,0,sl
2025-02-13 16:00:00,2025-02-13 15:00:00,SELL,1.043623447418213,1.0399759658345136,0.003495016897831049,0.0033991968966156807,1,tp
2025-02-14 02:00:00,2025-02-14 01:00:00,BUY,1.0461344718933103,1.048327922821045,0.002096719864096208,0.002001129858521668,1,timeout
2025-02-14 11:00:00,2025-02-14 10:00:00,BUY,1.0467915534973145,1.0498141084070214,0.0028874467888173605,0.0027919167860523384,1,tp
2025-02-14 15:00:00,2025-02-14 14:00:00,SELL,1.051193118095398,1.049538254737854,0.0015742714911816114,0.0014791414924415274,1,timeout
2025-02-17 02:00:00,2025-02-17 01:00:00,SELL,1.0507513284683228,1.0482087731770182,0.00241974977563042,0.002324579779370915,1,tp
2025-02-17 10:00:00,2025-02-17 09:00:00,BUY,1.0476689338684082,1.0485477447509766,0.0008388249896114086,0.000743374989361081,1,timeout
2025-02-17 23:00:00,2025-02-17 22:00:00,SELL,1.048218011856079,1.0464110856438662,0.001723807635220287,0.0016284076336281275,1,tp
2025-02-18 06:00:00,2025-02-18 05:00:00,BUY,1.0458062887191772,1.0447137355804443,-0.0010446993391778348,-0.001140319341733444,0,timeout
2025-02-18 16:00:00,2025-02-18 15:00:00,SELL,1.0469011068344116,1.044950015350213,0.001863682702656022,0.0017681626966619727,1,tp
2025-02-19 02:00:00,2025-02-19 01:00:00,SELL,1.0449320077896118,1.0432968139648438,0.0015648805975683189,0.0014691805910085293,1,timeout
2025-02-19 11:00:00,2025-02-19 10:00:00,SELL,1.042535424232483,1.040721989898214,0.001739446250091592,0.0016435262480699625,1,tp
2025-02-20 01:00:00,2025-02-20 00:00:00,SELL,1.0432968139648438,1.0437324047088623,-0.00041751372973442,-0.0005133637301000587,0,timeout
2025-02-20 10:00:00,2025-02-20 09:00:00,SELL,1.0438413619995115,1.045768039933516,-0.0018457574150099187,-0.0019415574126345069,0,sl
2025-02-20 16:00:00,2025-02-20 15:00:00,SELL,1.0475592613220217,1.0500401424013706,-0.0023682489105369964,-0.002463708903772892,0,sl
2025-02-21 02:00:00,2025-02-21 01:00:00,BUY,1.0489877462387085,1.0472300052642822,-0.0016756544399387785,-0.0017709844381761878,0,timeout
2025-02-21 11:00:00,2025-02-21 10:00:00,BUY,1.0466820001602173,1.0488512841600441,0.0020725339687648336,0.00197699396713617,1,tp
2025-02-21 16:00:00,2025-02-21 15:00:00,BUY,1.0458062887191772,1.048363814980517,0.0024455066764534905,0.0023498866738978813,1,tp
2025-02-24 02:00:00,2025-02-24 01:00:00,SELL,1.052188515663147,1.0495335513734212,0.002523278148547803,0.0024282381452486084,1,tp
2025-02-24 11:00:00,2025-02-24 10:00:00,BUY,1.048327922821045,1.048327922821045,0.0,-9.53899994678197e-05,0,timeout
2025-02-25 03:00:00,2025-02-25 02:00:00,SELL,1.0477787256240845,1.0475592613220217,0.0002094567265927827,0.00011401672809459083,1,timeout
2025-02-25 12:00:00,2025-02-25 11:00:00,SELL,1.0493179559707642,1.0514425818043238,-0.002024768395003873,-0.002120068393856448,0,sl
2025-02-26 01:00:00,2025-02-26 00:00:00,SELL,1.0526316165924072,1.0505867560660362,0.0019426174305789967,0.0018476174339764613,1,tp
2025-02-26 05:00:00,2025-02-26 04:00:00,BUY,1.0499789714813232,1.0479958068742599,-0.001888766023823818,-0.0019840060264487455,0,sl
2025-02-26 16:00:00,2025-02-26 15:00:00,SELL,1.0509721040725708,1.0484990217922072,0.0023531378908919764,0.0022579878868029097,1,tp
2025-02-27 02:00:00,2025-02-27 01:00:00,BUY,1.0481081008911133,1.0485477447509766,0.0004194642322576936,0.00032405422644342797,1,timeout
2025-02-27 11:00:00,2025-02-27 10:00:00,SELL,1.0484378337860107,1.0462748477011217,0.00206305611566715,0.001967676116226563,1,tp
2025-02-28 01:00:00,2025-02-28 00:00:00,SELL,1.0405826568603516,1.0403661727905271,0.0002080412049895175,0.00011194119857414994,1,timeout
2025-02-28 10:00:00,2025-02-28 09:00:00,BUY,1.0398253202438354,1.0420325600348714,0.0021227024847965126,0.0020265324858042295,1,tp
2025-02-28 19:00:00,2025-02-28 18:00:00,BUY,1.036591649055481,1.0392801803488059,0.002593626232446189,0.002497156228958202,1,tp
2025-03-03 04:00:00,2025-03-03 03:00:00,BUY,1.0419923067092896,1.039292334664817,-0.00259116312768104,-0.0026871331260736476,0,sl
2025-03-03 10:00:00,2025-03-03 09:00:00,SELL,1.0437324047088623,1.0463445431181493,-0.002502689767513333,-0.002598499765889204,0,sl
2025-03-03 14:00:00,2025-03-03 13:00:00,SELL,1.0474494695663452,1.0488777160644531,-0.0013635469200239392,-0.0014590169192033756,0,timeout
2025-03-04 02:00:00,2025-03-04 01:00:00,SELL,1.0492078065872192,1.0518905759801744,-0.0025569476095317345,-0.0026522576133004563,0,sl
2025-03-04 10:00:00,2025-03-04 09:00:00,SELL,1.051193118095398,1.0540100492268936,-0.0026797465499008855,-0.0027748765486409694,0,sl
2025-03-04 13:00:00,2025-03-04 12:00:00,SELL,1.0556317567825315,1.0524753981245598,0.0029900186667289885,0.002895288663242933,1,tp
2025-03-04 19:00:00,2025-03-04 18:00:00,SELL,1.0595465898513794,1.063585265297457,-0.0038117016134646686,-0.0039060816067163356,0,sl
2025-03-05 01:00:00,2025-03-05 00:00:00,SELL,1.0624734163284302,1.0661708478833825,-0.0034800226510414145,-0.003574142652975739,0,sl
2025-03-05 09:00:00,2025-03-05 08:00:00,SELL,1.0703200101852417,1.0742727193559405,-0.003693016231673285,-0.0037864462330265184,0,sl
2025-03-05 16:00:00,2025-03-05 15:00:00,SELL,1.0765421390533447,1.0796804428100586,-0.0029151703801149065,-0.003008060380768234,0,timeout
2025-03-06 01:00:00,2025-03-06 00:00:00,SELL,1.079563856124878,1.0804970264434814,-0.0008643956661842367,-0.0009570256661908622,0,timeout
2025-03-06 10:00:00,2025-03-06 09:00:00,SELL,1.080263614654541,1.084249072242014,-0.003689337985105956,-0.003781907982506062,0,sl
2025-03-07 02:00:00,2025-03-07 01:00:00,BUY,1.0793308019638062,1.0831710934582854,0.0035580301122621893,0.003465380111152193,1,tp
2025-03-07 09:00:00,2025-03-07 08:00:00,SELL,1.0853049755096436,1.0889250034587203,-0.0033354937374878713,-0.0034276337370792685,0,sl
2025-03-10 02:00:00,2025-03-10 01:00:00,BUY,1.0855406522750854,1.081474823732457,-0.0037454410704078622,-0.003837561065905423,0,sl
2025-03-10 10:00:00,2025-03-10 09:00:00,BUY,1.0854227542877195,1.0834236145019531,-0.0018418075149698732,-0.0019339375164876896,0,timeout
2025-03-11 02:00:00,2025-03-11 01:00:00,BUY,1.086130142211914,1.0893287430122374,0.0029449516922614993,0.0028528816942810097,1,tp
2025-03-11 09:00:00,2025-03-11 08:00:00,SELL,1.091941475868225,1.0930156707763672,-0.0009837476933349798,-0.0010753276930052808,0,timeout
2025-03-12 02:00:00,2025-03-12 01:00:00,BUY,1.0909883975982666,1.0918222665786743,0.0007643243340107464,0.0006726643308245137,1,timeout
2025-03-12 11:00:00,2025-03-12 10:00:00,BUY,1.090869426727295,1.0881279683228522,-0.0025130949106048073,-0.002604764910285712,0,sl
2025-03-12 16:00:00,2025-03-12 15:00:00,SELL,1.0926573276519775,1.0891940704902099,0.0031695729979772658,0.0030780529967204297,1,tp
2025-03-13 02:00:00,2025-03-13 01:00:00,BUY,1.089205980300903,1.0864981702939056,-0.0024860403412855225,-0.0025778503403202082,0,sl
2025-03-13 09:00:00,2025-03-13 08:00:00,BUY,1.0877841711044312,1.0849521939215558,-0.0026034366541664022,-0.002695366655223937,0,sl
2025-03-13 14:00:00,2025-03-13 13:00:00,BUY,1.0851871967315674,1.0856584310531616,0.00043424242657263967,0.00034209242673741673,1,timeout
2025-03-14 02:00:00,2025-03-14 01:00:00,BUY,1.0845986604690552,1.0855406522750854,0.000868516475599268,0.0007763164723678856,1,timeout
2025-03-14 11:00:00,2025-03-14 10:00:00,SELL,1.0901559591293335,1.0883761644363403,0.0016326055717886812,0.0015408755774125864,1,timeout
2025-03-17 02:00:00,2025-03-17 01:00:00,BUY,1.0887316465377808,1.0901559591293335,0.0013082310926499918,0.0012163810942431256,1,timeout
2025-03-17 11:00:00,2025-03-17 10:00:00,BUY,1.0911074876785278,1.0928961038589478,0.0016392667089339952,0.0015476167100757132,1,timeout
2025-03-17 23:00:00,2025-03-17 22:00:00,SELL,1.0926573276519775,1.0922993421554563,0.00032762833091548593,0.00023610832965864997,1,timeout
2025-03-18 08:00:00,2025-03-18 07:00:00,SELL,1.0938525199890137,1.0919192997727445,0.001767349968063936,0.001675929965666351,1,tp
2025-03-19 01:00:00,2025-03-19 00:00:00,SELL,1.093732833862305,1.091480911363825,0.0020589328844847765,0.001967502878084704,1,tp
2025-03-19 09:00:00,2025-03-19 08:00:00,BUY,1.0909883975982666,1.088368637103876,-0.002401272552630007,-0.00249293255581624,0,sl
2025-03-20 01:00:00,2025-03-20 00:00:00,SELL,1.0915838479995728,1.0888087265362105,0.002542288866263398,0.00245067886288779,1,tp
2025-03-20 09:00:00,2025-03-20 08:00:00,BUY,1.0866022109985352,1.0838127655792187,-0.0025671265814497524,-0.0026591565800893695,0,sl
2025-03-21 02:00:00,2025-03-21 01:00:00,SELL,1.0855406522750854,1.0832108520781598,0.0021462118365100924,0.002054091841012532,1,tp
2025-03-21 06:00:00,2025-03-21 05:00:00,BUY,1.0829542875289917,1.085255765578754,0.002125184854306017,0.0020328448532999054,1,tp
2025-03-21 13:00:00,2025-03-21 12:00:00,BUY,1.0834236145019531,1.080627770507208,-0.0025805640169938027,-0.002672864017345899,0,sl
2025-03-24 03:00:00,2025-03-24 02:00:00,BUY,1.0828369855880735,1.0855085335095167,0.002467174613538292,0.0023748246094924927,1,tp
2025-03-24 10:00:00,2025-03-24 09:00:00,BUY,1.0841283798217771,1.081406685994692,-0.002510490342050198,-0.0026027303404316067,0,sl
2025-03-24 15:00:00,2025-03-24 14:00:00,BUY,1.080263614654541,1.0804970264434814,0.00021606928695372396,0.00012349928955361793,1,timeout
2025-03-25 02:00:00,2025-03-25 01:00:00,BUY,1.0804970264434814,1.0803803205490112,-0.00010801130555104788,-0.0002005613057386058,0,timeout
2025-03-25 11:00:00,2025-03-25 10:00:00,SELL,1.0822510719299316,1.0801469087600708,0.0019442467874931646,0.0018518467866119694,1,timeout
2025-03-26 02:00:00,2025-03-26 01:00:00,SELL,1.0796804428100586,1.0800302028656006,-0.00032394775497812667,-0.0004165677525579035,0,timeout
2025-03-26 11:00:00,2025-03-26 10:00:00,SELL,1.0796804428100586,1.0776452131181122,0.0018850296914235676,0.0017924096938437908,1,tp
2025-03-26 15:00:00,2025-03-26 14:00:00,SELL,1.0794472694396973,1.0771040012084943,0.0021708037970389338,0.0020781637924448173,1,tp
2025-03-27 02:00:00,2025-03-27 01:00:00,SELL,1.0768898725509644,1.0773539543151855,-0.00043094635398688297,-0.0005238063599623477,0,timeout
2025-03-27 11:00:00,2025-03-27 10:00:00,SELL,1.078399658203125,1.081185572176746,-0.002583378019854976,-0.0026761080195719864,0,sl
2025-03-28 02:00:00,2025-03-28 01:00:00,BUY,1.0796804428100586,1.0773277548776052,-0.00217905950609798,-0.002271679503677757,0,sl
2025-03-28 11:00:00,2025-03-28 10:00:00,BUY,1.0772379636764526,1.079476512200531,0.002078044591409034,0.0019852145915650672,1,tp
2025-03-28 15:00:00,2025-03-28 14:00:00,SELL,1.0828369855880735,1.082719802856445,0.00010821825739981694,1.5868253354017363e-05,1,timeout
2025-03-31 03:00:00,2025-03-31 02:00:00,SELL,1.0843634605407717,1.0817518856987713,0.0024083943594871426,0.002316174357948055,1,tp
2025-03-31 10:00:00,2025-03-31 09:00:00,BUY,1.0817828178405762,1.0789910028911471,-0.0025807536442499224,-0.0026731936408470373,0,sl
2025-04-01 02:00:00,2025-04-01 01:00:00,SELL,1.08236825466156,1.0820168256759644,0.00032468522989492765,0.0002322952327111425,1,timeout
2025-04-01 11:00:00,2025-04-01 10:00:00,BUY,1.0800302028656006,1.0789813995361328,-0.0009710870369041835,-0.001063677040160272,0,timeout
2025-04-02 02:00:00,2025-04-02 01:00:00,SELL,1.0797970294952393,1.0808473825454712,-0.0009727319315955274,-0.0010653419289083981,0,timeout
2025-04-02 11:00:00,2025-04-02 10:00:00,SELL,1.0796804428100586,1.0818127406411233,-0.0019749341995258796,-0.0020675541971056565,0,sl
2025-04-02 14:00:00,2025-04-02 13:00:00,SELL,1.082719802856445,1.0850794941093491,-0.0021794108195662965,-0.0022717708186502502,0,sl
2025-04-03 00:00:00,2025-04-02 23:00:00,SELL,1.0903936624526978,1.0954650227213,-0.004650944372874388,-0.0047426543703216065,0,sl
2025-04-03 08:00:00,2025-04-03 07:00:00,SELL,1.0976948738098145,1.1032314147551354,-0.005043788649668146,-0.005134888646931434,0,sl
2025-04-03 11:00:00,2025-04-03 10:00:00,BUY,1.1055831909179688,1.1126204000987199,0.006365155728270455,0.0062747057279254155,1,tp
2025-04-03 15:00:00,2025-04-03 14:00:00,SELL,1.1120996475219729,1.1044460331086747,0.006882130059435054,0.006792210059709468,1,tp
2025-04-04 00:00:00,2025-04-03 23:00:00,BUY,1.1049723625183103,1.100231051445007,-0.004290886572490771,-0.004381386573569615,0,timeout
2025-04-04 09:00:00,2025-04-04 08:00:00,BUY,1.0998680591583252,1.106180922203067,0.0057396548542127945,0.005648734857793838,1,tp
2025-04-04 13:00:00,2025-04-04 12:00:00,BUY,1.1024142503738403,1.0945799840001162,-0.0071064632655714055,-0.007197173268608911,0,sl
2025-04-07 00:00:00,2025-04-06 23:00:00,BUY,1.0981770753860474,1.100473165512085,0.0020908195750037883,0.0019997595790875134,1,timeout
2025-04-07 09:00:00,2025-04-07 08:00:00,BUY,1.099384307861328,1.0921226388418066,-0.006605214361889211,-0.006696174364942678,0,sl
2025-04-08 02:00:00,2025-04-08 01:00:00,BUY,1.0964912176132202,1.0922993421554563,-0.003822990453939523,-0.003914190454809274,0,timeout
2025-04-08 11:00:00,2025-04-08 10:00:00,BUY,1.093135118484497,1.0955302715301514,0.002191085992164332,0.0020996059927488545,1,timeout
2025-04-09 01:00:00,2025-04-09 00:00:00,SELL,1.1018069982528689,1.1070240089181307,-0.004734958730099104,-0.004825718727229789,0,sl
2025-04-09 06:00:00,2025-04-09 05:00:00,BUY,1.106439471244812,1.1009544005366434,-0.004957406935236608,-0.00504778693576885,0,sl
2025-04-09 10:00:00,2025-04-09 09:00:00,BUY,1.1046061515808103,1.0982670472591232,-0.005738791434951929,-0.005829321439566595,0,sl
2025-04-10 01:00:00,2025-04-10 00:00:00,SELL,1.098780393600464,1.1041183471679688,-0.004858071365847039,-0.0049490813625510405,0,timeout
2025-04-10 10:00:00,2025-04-10 09:00:00,BUY,1.1061947345733645,1.1120084554572467,0.005255603468519832,0.0051652034721407425,1,tp
2025-04-11 02:00:00,2025-04-11 01:00:00,BUY,1.1312217712402344,1.1391156483296148,0.006978187027576244,0.006889787031622874,1,tp
2025-04-11 10:00:00,2025-04-11 09:00:00,SELL,1.1367511749267578,1.1290504932403564,0.006774289621383045,0.006686319622138098,1,timeout
2025-04-11 20:00:00,2025-04-11 19:00:00,SELL,1.1341726779937744,1.1370097398757937,-0.0025014373358365205,-0.002589607331411523,0,timeout
2025-04-14 06:00:00,2025-04-14 05:00:00,SELL,1.1386927366256714,1.1313121655674911,0.006481617754102276,0.0063937977507040515,1,tp
2025-04-15 05:00:00,2025-04-15 04:00:00,BUY,1.1361054182052612,1.1313496828079224,-0.004185998342347119,-0.004274018343306161,0,timeout
2025-04-16 01:00:00,2025-04-16 00:00:00,SELL,1.1321182250976562,1.1364800785940528,-0.0038528250846066037,-0.003941155082113157,0,sl
2025-04-16 07:00:00,2025-04-16 06:00:00,BUY,1.1367511749267578,1.1385631561279297,0.001593999848989558,0.0015060298497446105,1,timeout
2025-04-17 03:00:00,2025-04-17 02:00:00,BUY,1.1383039951324463,1.1361054182052612,-0.001931449715178446,-0.002019299709931706,0,timeout
2025-04-17 12:00:00,2025-04-17 11:00:00,BUY,1.1358473300933838,1.1375269889831543,0.0014787717022080038,0.0013907317012760313,1,timeout
2025-04-18 05:00:00,2025-04-18 04:00:00,BUY,1.137268304824829,1.1385631561279297,0.0011385627275526389,0.001050632729349266,1,timeout
2025-04-18 14:00:00,2025-04-18 13:00:00,SELL,1.1383039951324463,1.1396011114120483,-0.0011395165835741405,-0.0012273665783274002,0,timeout
2025-04-21 01:00:00,2025-04-21 00:00:00,SELL,1.147446870803833,1.150347988037793,-0.00252832380110779,-0.0026154738056478224,0,sl
2025-04-21 04:00:00,2025-04-21 03:00:00,SELL,1.151543140411377,1.1549086473650774,-0.0029226060540799015,-0.0030094460485974115,0,sl
2025-04-21 09:00:00,2025-04-21 08:00:00,BUY,1.1560693979263306,1.1520734167925573,-0.0034565235797617833,-0.0035430235772354406,0,sl
2025-04-21 13:00:00,2025-04-21 12:00:00,BUY,1.1544678211212158,1.1501274721624317,-0.0037596101678856186,-0.0038462301655767454,0,sl
2025-04-21 19:00:00,2025-04-21 18:00:00,SELL,1.1524720191955566,1.152339220046997,0.00011522982454037489,2.8459822028902595e-05,1,timeout
2025-04-22 04:00:00,2025-04-22 03:00:00,BUY,1.1538017988204956,1.1498307838231685,-0.003441678632661649,-0.0035283486310116493,0,sl
2025-04-22 09:00:00,2025-04-22 08:00:00,BUY,1.1500862836837769,1.145811625473497,-0.0037168152258872933,-0.0038037652238297917,0,sl
2025-04-23 01:00:00,2025-04-23 00:00:00,BUY,1.1402509212493896,1.1418131589889526,0.0013700824182201199,0.0012823824233010818,1,timeout
2025-04-23 10:00:00,2025-04-23 09:00:00,BUY,1.1419435739517212,1.1366341430537483,-0.004649468694499004,-0.004737038695575281,0,sl
2025-04-23 22:00:00,2025-04-23 21:00:00,BUY,1.1328877210617063,1.1339154243469238,0.0009071536976801298,0.0008188836969193454,1,timeout
2025-04-24 07:00:00,2025-04-24 06:00:00,BUY,1.1358473300933838,1.1375269889831543,0.0014787717022080038,0.0013907317012760313,1,timeout
2025-04-25 06:00:00,2025-04-25 05:00:00,BUY,1.1334012746810913,1.1369009488408297,0.0030877626820413617,0.0029995326771579305,1,tp
2025-04-25 09:00:00,2025-04-25 08:00:00,BUY,1.1357183456420898,1.137268304824829,0.0013647390558466643,0.0012766890561405628,1,timeout
2025-04-28 05:00:00,2025-04-28 04:00:00,BUY,1.1376564502716064,1.1344160229847868,-0.0028483355287494128,-0.0029362355270099822,0,sl
2025-04-28 08:00:00,2025-04-28 07:00:00,BUY,1.1349449157714844,1.1386389236822423,0.0032547904831548014,0.003166680480096173,1,tp
2025-04-29 02:00:00,2025-04-29 01:00:00,BUY,1.1396011114120483,1.1384334564208984,-0.0010246172800788544,-0.0011123672822494321,0,timeout
2025-04-29 11:00:00,2025-04-29 10:00:00,BUY,1.1381744146347046,1.1416563134267559,0.0030591961541930335,0.002971336157768764,1,tp
2025-04-30 07:00:00,2025-04-30 06:00:00,SELL,1.139211654663086,1.1357226155299893,0.00306267858024023,0.0029748985794030946,1,tp
2025-04-30 16:00:00,2025-04-30 15:00:00,SELL,1.1352026462554932,1.1326310634613037,0.002265307258287219,0.0021772172592638256,1,timeout
2025-05-01 11:00:00,2025-05-01 10:00:00,SELL,1.1336582899093628,1.1304670124794385,0.002815025884192579,0.0027268158822104163,1,tp
2025-05-02 04:00:00,2025-05-02 03:00:00,SELL,1.1316057443618774,1.1348308552240405,-0.002850030479459642,-0.0029384004797872658,0,sl
2025-05-02 11:00:00,2025-05-02 10:00:00,BUY,1.1336582899093628,1.1371578248377252,0.003086939829674895,0.0029987298276927324,1,tp
2025-05-02 16:00:00,2025-05-02 15:00:00,SELL,1.1334012746810913,1.132502794265747,0.000792729314334939,0.0007044993094515076,1,timeout
2025-05-05 03:00:00,2025-05-05 02:00:00,BUY,1.1345586776733398,1.134687423706055,0.00011347675113548839,2.533675276619133e-05,1,timeout
2025-05-05 13:00:00,2025-05-05 12:00:00,BUY,1.1363636255264282,1.1329126099533686,-0.003036893733254553,-0.0031248937340937867,0,sl
2025-05-06 05:00:00,2025-05-06 04:00:00,SELL,1.13275945186615,1.1345586776733398,-0.0015883564725289734,-0.001676636468635169,0,timeout
2025-05-06 14:00:00,2025-05-06 13:00:00,BUY,1.1357183456420898,1.1376564502716064,0.001706501120593229,0.0016184511208871275,1,timeout
2025-05-07 02:00:00,2025-05-07 01:00:00,BUY,1.134429931640625,1.1361054182052612,0.0014769414292632455,0.0013887914279181832,1,timeout
2025-05-07 11:00:00,2025-05-07 10:00:00,BUY,1.1368803977966309,1.133437042332984,-0.003028775472178391,-0.0031167354723629385,0,sl
2025-05-08 06:00:00,2025-05-08 05:00:00,BUY,1.1305822134017944,1.1309658288955688,0.0003393079151847722,0.00025085791233260345,1,timeout
2025-05-09 01:00:00,2025-05-09 00:00:00,BUY,1.12296462059021,1.1258726119995115,0.0025895663638746402,0.0025005163633969388,1,timeout
2025-05-09 10:00:00,2025-05-09 09:00:00,BUY,1.124985933303833,1.128278766442638,0.00292699938845864,0.0028381093881131936,1,tp
2025-05-12 05:00:00,2025-05-12 04:00:00,BUY,1.123090744018555,1.1204169391149217,-0.002380755889827779,-0.0024697958899636435,0,sl
2025-05-12 09:00:00,2025-05-12 08:00:00,BUY,1.113833785057068,1.1090772719447364,-0.004270397590865005,-0.0043601775933587135,0,sl
2025-05-12 12:00:00,2025-05-12 11:00:00,BUY,1.110864281654358,1.1095085144042969,-0.0012204616463515894,-0.0013104816439799898,0,timeout
2025-05-12 21:00:00,2025-05-12 20:00:00,BUY,1.1086474657058716,1.1119760274887085,0.0030023626858854957,0.0029121626871543116,1,timeout
2025-05-13 06:00:00,2025-05-13 05:00:00,BUY,1.1113580465316772,1.1146784065823583,0.0029876600624283434,0.002897680059753166,1,tp
2025-05-14 02:00:00,2025-05-14 01:00:00,BUY,1.11906898021698,1.1217997321044415,0.002440199787266062,0.00235083979090497,1,tp
2025-05-14 09:00:00,2025-05-14 08:00:00,BUY,1.1242270469665527,1.1211013443910098,-0.002780312556949105,-0.0028692625606603884,0,sl
2025-05-15 07:00:00,2025-05-15 06:00:00,BUY,1.123090744018555,1.120039394064029,-0.0027169220036555863,-0.0028059620037914506,0,sl
2025-05-15 09:00:00,2025-05-15 08:00:00,SELL,1.1212018728256226,1.1178872890678913,0.0029562774002311887,0.0028670873958049716,1,tp
2025-05-16 02:00:00,2025-05-16 01:00:00,BUY,1.1205737590789795,1.1196954250335691,-0.0007838252844081239,-0.0008730652823911143,0,timeout
2025-05-16 11:00:00,2025-05-16 10:00:00,BUY,1.1203227043151855,1.1178187967842934,-0.0022349877595515544,-0.0023242477554570435,0,sl
2025-05-19 01:00:00,2025-05-19 00:00:00,SELL,1.1201971769332886,1.1231323433926959,-0.002620223046305714,-0.002709493044533852,0,sl
2025-05-19 09:00:00,2025-05-19 08:00:00,SELL,1.1258726119995115,1.1238480806350708,0.0017981886608336994,0.001709368665628022,1,timeout
2025-05-20 01:00:00,2025-05-20 00:00:00,BUY,1.1234692335128784,1.1261568241898203,0.00239222454587229,0.002303214542734671,1,tp
2025-05-20 08:00:00,2025-05-20 07:00:00,BUY,1.1279042959213257,1.1250083188299917,-0.002567573420729219,-0.0026562334252718165,0,sl
2025-05-20 12:00:00,2025-05-20 11:00:00,SELL,1.1248594522476196,1.1278428527525504,-0.002652242908186775,-0.0027411429034707962,0,sl
2025-05-21 02:00:00,2025-05-21 01:00:00,SELL,1.1300712823867798,1.1327246368439103,-0.002347953176481399,-0.0024364431695982876,0,sl
2025-05-21 04:00:00,2025-05-21 03:00:00,BUY,1.1337867975234983,1.1326310634613037,-0.0010193574883029521,-0.0011075574922352854,0,timeout
2025-05-21 13:00:00,2025-05-21 12:00:00,BUY,1.1339154243469238,1.1332728862762451,-0.0005666543173171723,-0.0006548443161943768,0,timeout
2025-05-22 03:00:00,2025-05-22 02:00:00,SELL,1.1340440511703491,1.1307674943050374,0.0028892677157736912,0.002801087719682006,1,tp
2025-05-22 09:00:00,2025-05-22 08:00:00,BUY,1.130454421043396,1.1270777466950217,-0.002987006185758201,-0.0030754661874517687,0,sl
2025-05-23 02:00:00,2025-05-23 01:00:00,BUY,1.131861925125122,1.1348356752907574,0.0026273082428376338,0.0025389582437960584,1,tp
2025-05-23 11:00:00,2025-05-23 10:00:00,SELL,1.1353315114974976,1.1324556879951984,0.0025330253526619773,0.002444945352250379,1,tp
2025-05-23 13:00:00,2025-05-23 12:00:00,BUY,1.1340440511703491,1.1368803977966309,0.002501090344201984,0.0024129103481102987,1,timeout
2025-05-26 03:00:00,2025-05-26 02:00:00,BUY,1.141291856765747,1.1386927366256714,-0.0022773492377674565,-0.002364969244347881,0,timeout
2025-05-26 12:00:00,2025-05-26 11:00:00,SELL,1.138044834136963,1.1388224363327026,-0.0006832790522961485,-0.0007711490526690557,0,timeout
2025-05-26 21:00:00,2025-05-26 20:00:00,SELL,1.138952136039734,1.1383039951324463,0.0005690677305734138,0.00048126772841729915,1,timeout
2025-05-27 06:00:00,2025-05-27 05:00:00,SELL,1.1383039951324463,1.1360834186692734,0.0019507763063895123,0.0018629263116362526,1,tp
2025-05-27 09:00:00,2025-05-27 08:00:00,SELL,1.1352026462554932,1.133529782295227,0.0014736258462610952,0.0013855358472377017,1,timeout
2025-05-28 02:00:00,2025-05-28 01:00:00,BUY,1.1319899559020996,1.1336582899093628,0.001473806369539421,0.00138546636309448,1,timeout
2025-05-28 11:00:00,2025-05-28 10:00:00,SELL,1.1328877210617063,1.1302415543469164,0.002335771379276652,0.002247501378515868,1,tp
2025-05-28 15:00:00,2025-05-28 14:00:00,SELL,1.130454421043396,1.129433035850525,0.0009035173589115875,0.0008150573572180197,1,timeout
2025-05-29 07:00:00,2025-05-29 06:00:00,SELL,1.127650022506714,1.1311256738851911,-0.0030822075192715737,-0.003170887515728014,0,sl
2025-05-30 05:00:00,2025-05-30 04:00:00,BUY,1.1348161697387695,1.1350737810134888,0.0002270070532908175,0.00013888705406396508,1,timeout
2025-05-30 15:00:00,2025-05-30 14:00:00,SELL,1.1353315114974976,1.1357183456420898,-0.00034072351614899965,-0.00042880351656059785,0,timeout
2025-06-02 01:00:00,2025-06-02 00:00:00,SELL,1.137268304824829,1.1401864019674135,-0.0025658827650472116,-0.0026538127632505844,0,sl
2025-06-02 08:00:00,2025-06-02 07:00:00,SELL,1.1425960063934326,1.1432491540908811,-0.0005716348506330515,-0.0006591548484629466,0,timeout
2025-06-03 01:00:00,2025-06-03 00:00:00,BUY,1.1445575952529907,1.1417204975997093,-0.0024787722916244093,-0.002566142294160539,0,sl
2025-06-03 07:00:00,2025-06-03 06:00:00,SELL,1.1432491540908811,1.1405751607380863,0.0023389419036318193,0.002251471906700555,1,tp
2025-06-03 11:00:00,2025-06-03 10:00:00,BUY,1.1401208639144895,1.1373823686773443,-0.0024019341491066104,-0.002489644148252368,0,sl
2025-06-04 01:00:00,2025-06-04 00:00:00,SELL,1.1384334564208984,1.140380859375,-0.0017105988436285635,-0.0017984388481856925,0,timeout
2025-06-04 10:00:00,2025-06-04 09:00:00,SELL,1.1386927366256714,1.1415428931995135,-0.0025030076000027712,-0.002590827603400996,0,sl
2025-06-05 00:00:00,2025-06-04 23:00:00,BUY,1.1424654722213743,1.141422152519226,-0.0009132177098706284,-0.0010007477074341986,0,timeout
2025-06-05 09:00:00,2025-06-05 08:00:00,SELL,1.1416828632354736,1.1440956175396901,-0.002113331452991085,-0.002200921451247348,0,sl
2025-06-05 14:00:00,2025-06-05 13:00:00,SELL,1.1482374668121338,1.1447022326402037,0.003078835410017633,0.0029917454108751807,1,tp
2025-06-06 00:00:00,2025-06-05 23:00:00,BUY,1.1456066370010376,1.1425838153259094,-0.002638620951988635,-0.0027259109490698143,0,sl
2025-06-06 09:00:00,2025-06-06 08:00:00,BUY,1.1418131589889526,1.1391945483954626,-0.002293379238866633,-0.002380959241963241,0,sl
2025-06-06 15:00:00,2025-06-06 14:00:00,BUY,1.1393414735794067,1.1409013271331787,0.00136908344859199,0.0012813134495891138,1,timeout
2025-06-09 03:00:00,2025-06-09 02:00:00,SELL,1.1420739889144895,1.1423349380493164,-0.000228487065951688,-0.0003160470672919228,0,timeout
2025-06-09 12:00:00,2025-06-09 11:00:00,SELL,1.1420739889144895,1.1395235550147151,0.002233159956824271,0.0021455999554840363,1,tp
2025-06-10 00:00:00,2025-06-09 23:00:00,SELL,1.1427265405654907,1.1405305635500598,0.001921699494565221,0.0018341894941844529,1,tp
2025-06-10 05:00:00,2025-06-10 04:00:00,SELL,1.1402509212493896,1.14274213771831,-0.0021847967166654936,-0.002272496711584532,0,sl
2025-06-10 13:00:00,2025-06-10 12:00:00,SELL,1.1435105800628662,1.1427265405654907,0.0006856425389019094,0.0005981925390999816,1,timeout
2025-06-11 00:00:00,2025-06-10 23:00:00,SELL,1.1439030170440674,1.1413731662499513,0.0022115955255135322,0.0021241755270433754,1,tp
2025-06-11 05:00:00,2025-06-11 04:00:00,SELL,1.1418131589889526,1.1442220742816467,-0.0021097280879360802,-0.002197308091032688,0,sl
2025-06-11 11:00:00,2025-06-11 10:00:00,SELL,1.144164800643921,1.1466713950115048,-0.0021907633989206587,-0.002278163395794991,0,sl
2025-06-12 01:00:00,2025-06-12 00:00:00,BUY,1.152339220046997,1.1548677682876587,0.0021942742177589736,0.0021074942156030793,1,timeout
2025-06-12 10:00:00,2025-06-12 09:00:00,BUY,1.1574074029922483,1.1607547448932893,0.0028921034135318546,0.0028057034132022646,1,tp
2025-06-12 13:00:00,2025-06-12 12:00:00,BUY,1.1615750789642334,1.1576496202252164,-0.003379427477487984,-0.003465517478737984,0,sl
2025-06-13 00:00:00,2025-06-12 23:00:00,BUY,1.1609008312225342,1.1576217062077356,-0.0028246383554961785,-0.0029107783575622386,0,sl
2025-06-13 04:00:00,2025-06-13 03:00:00,BUY,1.1539349555969238,1.149956810940421,-0.003447460047212969,-0.0035341200443947604,0,sl
2025-06-13 12:00:00,2025-06-13 11:00:00,BUY,1.151410460472107,1.15564926040838,0.0036813978001684067,0.003594547798858711,1,tp
2025-06-16 05:00:00,2025-06-16 04:00:00,SELL,1.154068112373352,1.157293417289751,-0.00279472665592162,-0.0028813766542430787,0,sl
2025-06-16 08:00:00,2025-06-16 07:00:00,SELL,1.1582117080688477,1.1583458185195925,-0.00011579096447622561,-0.00020213096544784045,0,timeout
2025-06-17 01:00:00,2025-06-17 00:00:00,BUY,1.155401587486267,1.1556684970855713,0.0002310102411100523,0.0001444602475121003,1,timeout
2025-06-17 10:00:00,2025-06-17 09:00:00,SELL,1.1560693979263306,1.1535207717785965,0.002204561553402984,0.0021180615559293265,1,tp
2025-06-18 01:00:00,2025-06-18 00:00:00,BUY,1.1496896743774414,1.150483250617981,0.0006902525596477194,0.0006032725664994377,1,timeout
2025-06-18 10:00:00,2025-06-18 09:00:00,SELL,1.1506155729293823,1.150218486785889,0.0003451075692313399,0.0002581975687475055,1,timeout
2025-06-19 02:00:00,2025-06-19 01:00:00,BUY,1.1458691358566284,1.1478420495986938,0.0017217618315468197,0.0016344918310984334,1,timeout
2025-06-19 11:00:00,2025-06-19 10:00:00,SELL,1.147446870803833,1.1488970518112185,-0.0012638328137750676,-0.0013509828183151,0,timeout
2025-06-19 23:00:00,2025-06-19 22:00:00,BUY,1.1500862836837769,1.152814016626339,0.002371763737434529,0.0022848137394920307,1,tp
2025-06-20 05:00:00,2025-06-20 04:00:00,SELL,1.1530035734176636,1.151543140411377,0.0012666335473338064,0.0011799035472666029,1,timeout
2025-06-20 14:00:00,2025-06-20 13:00:00,SELL,1.1522064208984375,1.154671908995272,-0.0021397972204597604,-0.0022265872245651225,0,sl
2025-06-20 19:00:00,2025-06-20 18:00:00,SELL,1.1532695293426514,1.1507079783460574,0.002221120849394187,0.0021344108501653,1,tp
2025-06-23 04:00:00,2025-06-23 03:00:00,SELL,1.1496896743774414,1.1468635003758845,0.0024582059529126843,0.0023712259597644027,1,tp
2025-06-23 11:00:00,2025-06-23 10:00:00,BUY,1.1467890739440918,1.1500638147889624,0.002855573809757317,0.002768373816077507,1,tp
2025-06-24 02:00:00,2025-06-24 01:00:00,BUY,1.1595547199249268,1.161440134048462,0.0016259811556433856,0.001539741154820937,1,timeout
2025-06-24 11:00:00,2025-06-24 10:00:00,BUY,1.1602274179458618,1.163718473025263,0.0030089403382502766,0.0029227503392438353,1,tp
2025-06-25 02:00:00,2025-06-25 01:00:00,BUY,1.1631964445114136,1.1601193973565134,-0.002645337483121901,-0.0027313074845536057,0,sl
2025-06-25 09:00:00,2025-06-25 08:00:00,BUY,1.161440134048462,1.1634671688079834,0.0017452770057599931,0.0016591770019212869,1,timeout
2025-06-26 02:00:00,2025-06-26 01:00:00,BUY,1.1690436601638794,1.171797682245592,0.0023557906137796625,0.002270250609237846,1,tp
2025-06-26 10:00:00,2025-06-26 09:00:00,BUY,1.1728830337524414,1.1696602716062119,-0.00274772680095714,-0.0028329867945986772,0,sl
2025-06-27 02:00:00,2025-06-27 01:00:00,BUY,1.1704120635986328,1.1713716983795166,0.0008199119017393564,0.0007344719074756841,1,timeout
2025-06-27 11:00:00,2025-06-27 10:00:00,BUY,1.1716461181640625,1.1746843882105238,0.002593163583576086,0.0025078135803202417,1,tp
2025-06-30 03:00:00,2025-06-30 02:00:00,BUY,1.17205810546875,1.1728830337524414,0.0007038288288288008,0.000618508826745793,1,timeout
2025-06-30 12:00:00,2025-06-30 11:00:00,BUY,1.1728830337524414,1.1759960936620615,0.0026541946809992556,0.002568934687357718,1,tp
2025-07-01 01:00:00,2025-07-01 00:00:00,BUY,1.1800801753997805,1.1809163093566897,0.0007085399571482576,0.0006237999521175633,1,timeout
2025-07-01 10:00:00,2025-07-01 09:00:00,BUY,1.1820330619812012,1.178727087307953,-0.0027968546562539,-0.002881454658755006,0,sl
2025-07-02 01:00:00,2025-07-02 00:00:00,SELL,1.1810559034347534,1.1784349695525098,0.002219144643891391,0.0021344746467226038,1,tp
2025-07-02 08:00:00,2025-07-02 07:00:00,SELL,1.1775789260864258,1.1750506225423463,0.0021470353180335078,0.0020621153200743557,1,tp
2025-07-02 14:00:00,2025-07-02 13:00:00,SELL,1.1766090393066406,1.179720376173841,-0.0026443251439185467,-0.002729315142005701,0,sl
2025-07-02 22:00:00,2025-07-02 21:00:00,SELL,1.1800801753997805,1.179940938949585,0.00011798897490022942,3.3248969869535124e-05,1,timeout
2025-07-03 07:00:00,2025-07-03 06:00:00,SELL,1.1806375980377195,1.1784247564083645,0.0018742767747129685,0.0017895767785700326,1,tp
2025-07-04 05:00:00,2025-07-04 04:00:00,SELL,1.1784114837646484,1.177024483680725,0.0011770082887280209,0.0010921482874655314,1,timeout
2025-07-04 14:00:00,2025-07-04 13:00:00,SELL,1.178272724151611,1.1778563261032104,0.0003533970021248889,0.00026852700730089536,1,timeout
2025-07-07 00:00:00,2025-07-06 23:00:00,BUY,1.1784114837646484,1.176597425626474,-0.0015394097589571665,-0.001624269760219656,0,sl
2025-07-07 08:00:00,2025-07-07 07:00:00,SELL,1.1749500036239624,1.1729583635647605,0.0016950849423882364,0.0016099749379696955,1,tp
2025-07-07 10:00:00,2025-07-07 09:00:00,SELL,1.17384672164917,1.1716613697598162,0.001861701233261126,0.0017765112351500376,1,tp
2025-07-08 03:00:00,2025-07-08 02:00:00,SELL,1.1742602586746216,1.1731581687927246,0.000938539709366415,0.000853379712456642,1,timeout
2025-07-08 12:00:00,2025-07-08 11:00:00,SELL,1.1724703311920166,1.169743612536293,0.00232561846827406,0.002240328463623509,1,tp
2025-07-09 00:00:00,2025-07-08 23:00:00,SELL,1.1727453470230105,1.1712344884872437,0.0012883091283218961,0.0012030391246899501,1,timeout
2025-07-09 09:00:00,2025-07-09 08:00:00,SELL,1.1716461181640625,1.170823097229004,0.000702448394868771,0.0006170983916129267,1,timeout
2025-07-10 00:00:00,2025-07-09 23:00:00,BUY,1.1739845275878906,1.1735711097717283,-0.0003521492885529831,-0.0004373292867983292,0,timeout
2025-07-10 09:00:00,2025-07-10 08:00:00,SELL,1.1731581687927246,1.1710788550819442,0.0017724069661639863,0.0016871669681312333,1,tp
2025-07-10 14:00:00,2025-07-10 13:00:00,BUY,1.1695905923843384,1.167208786100341,-0.0020364444614262567,-0.002121944465146481,0,sl
2025-07-10 18:00:00,2025-07-10 17:00:00,SELL,1.169180393218994,1.171626471113276,-0.0020921304432308663,-0.002177660444058779,0,sl
2025-07-10 23:00:00,2025-07-10 22:00:00,SELL,1.170823097229004,1.1685882037311426,0.0019088225225063482,0.0018234125231335388,1,tp
2025-07-11 02:00:00,2025-07-11 01:00:00,BUY,1.1679514646530151,1.169727444648743,0.0015205940053812927,0.0014349740091516474,1,timeout
2025-07-11 11:00:00,2025-07-11 10:00:00,BUY,1.1695905923843384,1.1693171262741089,-0.00023381353441975783,-0.0003193135381399819,0,timeout
2025-07-11 21:00:00,2025-07-11 20:00:00,SELL,1.169180393218994,1.1669106597047805,0.001941303093498159,0.001855773092670246,1,tp
2025-07-14 01:00:00,2025-07-14 00:00:00,SELL,1.169727444648743,1.1674113839838973,0.0019800002773646685,0.0018945102767175272,1,tp
2025-07-14 07:00:00,2025-07-14 06:00:00,BUY,1.1668611764907837,1.1692268426917773,0.002027375876972881,0.001941675879394129,1,tp
2025-07-14 10:00:00,2025-07-14 09:00:00,SELL,1.1695905923843384,1.1671279020549903,0.002105600323210166,0.002020100319489942,1,tp
2025-07-15 00:00:00,2025-07-14 23:00:00,SELL,1.1668611764907837,1.1689158700525022,-0.0017608723326434372,-0.0018465723302221893,0,sl
2025-07-15 08:00:00,2025-07-15 07:00:00,SELL,1.1693171262741089,1.1672289618113643,0.0017857982371286552,0.0017002782376750953,1,tp
2025-07-15 13:00:00,2025-07-15 12:00:00,SELL,1.1680878400802612,1.1657690767626867,0.0019850932763885165,0.0018994832763793315,1,tp
2025-07-16 05:00:00,2025-07-16 04:00:00,SELL,1.16225004196167,1.1601911108740466,0.0017715044209835051,0.0016854644154858775,1,tp
2025-07-16 14:00:00,2025-07-16 13:00:00,BUY,1.157809495925903,1.1604185326632892,0.002253424891199174,0.0021670548965222604,1,tp
2025-07-17 07:00:00,2025-07-17 06:00:00,BUY,1.1586142778396606,1.159151554107666,0.0004637231547044429,0.0003774131532547293,1,timeout
2025-07-17 23:00:00,2025-07-17 22:00:00,BUY,1.1619800329208374,1.162520408630371,0.0004650473280296552,0.00037898732943515896,1,timeout
2025-07-18 08:00:00,2025-07-18 07:00:00,SELL,1.1634671688079834,1.1658447600528856,-0.0020435396104370174,-0.0021294896077218173,0,sl
2025-07-18 15:00:00,2025-07-18 14:00:00,SELL,1.1650937795639038,1.1624851131650031,0.0022390183903282512,0.002153188389555755,1,tp
2025-07-18 20:00:00,2025-07-18 19:00:00,SELL,1.162520408630371,1.1631964445114136,-0.0005815260325958693,-0.0006675460278214288,0,timeout
2025-07-21 06:00:00,2025-07-21 05:00:00,SELL,1.163602590560913,1.1657368770688854,-0.0018342057032920689,-0.0019201456975918368,0,sl
2025-07-21 13:00:00,2025-07-21 12:00:00,SELL,1.1667250394821167,1.1690246249303407,-0.001970974625902233,-0.0020566846232160712,0,sl
2025-07-21 23:00:00,2025-07-21 22:00:00,BUY,1.169864296913147,1.1694538593292236,-0.0003508420463863571,-0.000436322046300761,0,timeout
2025-07-22 08:00:00,2025-07-22 07:00:00,SELL,1.168770432472229,1.1705664300027483,-0.0015366555147364735,-0.0016222155162745652,0,sl
2025-07-22 11:00:00,2025-07-22 10:00:00,SELL,1.170548915863037,1.1686290390204006,0.0016401508870058645,0.00155472088177941,1,tp
2025-07-22 15:00:00,2025-07-22 14:00:00,SELL,1.1724703311920166,1.1750440681772027,-0.002195140394358308,-0.002280430399008859,0,sl
2025-07-22 23:00:00,2025-07-22 22:00:00,BUY,1.1752262115478516,1.1745359897613523,-0.0005873097278780159,-0.0006723997292899937,0,timeout
2025-07-23 08:00:00,2025-07-23 07:00:00,SELL,1.1743981838226318,1.1719907334466633,0.0020499438854140184,0.0019647938899716695,1,tp
2025-07-23 15:00:00,2025-07-23 14:00:00,SELL,1.1735711097717283,1.1759896733498079,-0.002060858143099642,-0.002146068147987587,0,sl
2025-07-23 18:00:00,2025-07-23 17:00:00,BUY,1.1763322353363037,1.1778563261032104,0.0012956295178556676,0.0012106195206830483,1,timeout
2025-07-24 03:00:00,2025-07-24 02:00:00,SELL,1.177994966506958,1.1757291882536958,0.0019234192994735944,0.0018385292932823758,1,tp
2025-07-24 11:00:00,2025-07-24 10:00:00,SELL,1.1752262115478516,1.1773440680152545,-0.001802084098016854,-0.0018871740994288318,0,sl
2025-07-25 02:00:00,2025-07-25 01:00:00,BUY,1.1746740341186523,1.17384672164917,-0.0007042911015762154,-0.0007894211011296908,0,timeout
2025-07-25 11:00:00,2025-07-25 10:00:00,BUY,1.1730204820632937,1.1749500036239624,0.0016449171946892882,0.0015596671913610393,1,timeout
2025-07-25 20:00:00,2025-07-25 19:00:00,SELL,1.1746740341186523,1.1770796835776982,-0.002047929373743873,-0.0021330593732973484,0,sl
2025-07-28 02:00:00,2025-07-28 01:00:00,SELL,1.175364375114441,1.1728976534390936,0.002098686779669623,0.002013606780549977,1,tp
2025-07-28 08:00:00,2025-07-28 07:00:00,BUY,1.1678149700164795,1.1647854347206223,-0.0025941911806579565,-0.002679821184183762,0,sl
2025-07-29 04:00:00,2025-07-29 03:00:00,BUY,1.1586142778396606,1.1560145573743867,-0.002243818771266448,-0.0023301287727161618,0,sl
2025-07-29 08:00:00,2025-07-29 07:00:00,BUY,1.1556684970855713,1.1588530397634027,0.00275558491545147,0.0026690549111706703,1,tp
2025-07-29 12:00:00,2025-07-29 11:00:00,BUY,1.1542012691497805,1.155401587486267,0.0010399558279561294,0.0009533158261879256,1,timeout
2025-07-30 03:00:00,2025-07-30 02:00:00,BUY,1.156738042831421,1.1539973924580167,-0.002369292157709091,-0.002455742154421591,0,sl
2025-07-30 12:00:00,2025-07-30 11:00:00,BUY,1.1535356044769287,1.1506509301320966,-0.002500724150721112,-0.0025874141493755923,0,sl
2025-07-31 08:00:00,2025-07-31 07:00:00,SELL,1.145213007926941,1.1416407759914386,0.0031192729306914746,0.0030319529305623985,1,tp
2025-07-31 22:00:00,2025-07-31 21:00:00,BUY,1.1420739889144895,1.1436413526535034,0.001372383710886993,0.0012848237095467582,1,timeout
2025-08-01 07:00:00,2025-08-01 06:00:00,BUY,1.143379807472229,1.1404617019013827,-0.0025521751842877416,-0.002639635186070595,0,sl
2025-08-01 11:00:00,2025-08-01 10:00:00,BUY,1.1415525674819946,1.1445912284087107,0.0026618668410678392,0.002574266845370245,1,tp
2025-08-04 02:00:00,2025-08-04 01:00:00,SELL,1.157809495925903,1.156738042831421,0.0009254139806699202,0.0008390439859930068,1,timeout
2025-08-04 11:00:00,2025-08-04 10:00:00,SELL,1.1576753854751587,1.1568717956542969,0.0006941408886671496,0.0006077608884920956,1,timeout
2025-08-04 22:00:00,2025-08-04 21:00:00,SELL,1.1575413942337036,1.1551345586776731,0.002079265215067183,0.0019928752159724204,1,timeout
2025-08-05 07:00:00,2025-08-05 06:00:00,SELL,1.1552680730819702,1.1568717956542969,-0.0013881821974430775,-0.0014747421936292654,0,timeout
2025-08-05 16:00:00,2025-08-05 15:00:00,BUY,1.1583458185195925,1.1582117080688477,-0.00011577755848102278,-0.0002021075632181259,0,timeout
2025-08-06 05:00:00,2025-08-06 04:00:00,BUY,1.1584800481796265,1.1607005795252099,0.0019167627004648136,0.001830442698530266,1,tp
2025-08-06 12:00:00,2025-08-06 11:00:00,BUY,1.1609008312225342,1.1633276916364608,0.0020904976106967954,0.0020043576086307352,1,tp
2025-08-06 15:00:00,2025-08-06 14:00:00,BUY,1.163061261177063,1.1657302404614682,0.0022947882226806993,0.002208808228902215,1,tp
2025-08-06 19:00:00,2025-08-06 18:00:00,BUY,1.1665889024734497,1.16604483127594,-0.0004663778271473129,-0.0005520978265301082,0,timeout
2025-08-07 04:00:00,2025-08-07 03:00:00,BUY,1.1667250394821167,1.1691394634602041,0.0020694027267633697,0.0019836927294495316,1,tp
2025-08-07 09:00:00,2025-08-07 08:00:00,BUY,1.168770432472229,1.1662312311496874,-0.0021725406906217826,-0.0022581006921598744,0,sl
2025-08-07 13:00:00,2025-08-07 12:00:00,BUY,1.1656370162963867,1.162695205416194,-0.002523779563504025,-0.002609569563823106,0,sl
2025-08-07 18:00:00,2025-08-07 17:00:00,BUY,1.163602590560913,1.1666995109831177,0.0026614932343109743,0.0025755532400112066,1,tp
2025-08-08 00:00:00,2025-08-07 23:00:00,BUY,1.1680878400802612,1.1650365813274783,-0.002612182618537684,-0.0026977926185468687,0,sl
2025-08-08 07:00:00,2025-08-08 06:00:00,SELL,1.1653653383255005,1.1659088134765625,-0.0004663560286106705,-0.0005521660288837941,0,timeout
2025-08-11 02:00:00,2025-08-11 01:00:00,SELL,1.1665889024734497,1.16441547870636,0.0018630588397346992,0.0017773388403519038,1,timeout
2025-08-11 11:00:00,2025-08-11 10:00:00,SELL,1.164822340011597,1.1625337671792944,0.0019647398179878373,0.0018788898161763985,1,tp
2025-08-11 14:00:00,2025-08-11 13:00:00,SELL,1.1621150970458984,1.1596473568820358,0.0021234903239236713,0.002037440327452409,1,tp
2025-08-11 17:00:00,2025-08-11 16:00:00,BUY,1.161035656929016,1.1618449687957764,0.0006970603029550215,0.0006109303039294069,1,timeout
2025-08-12 02:00:00,2025-08-12 01:00:00,SELL,1.16225004196167,1.161035656929016,0.0010448569488579196,0.0009588169433602919,1,timeout
2025-08-12 11:00:00,2025-08-12 10:00:00,SELL,1.16130530834198,1.163489486688274,-0.0018807959720879008,-0.001966905972000647,0,sl
2025-08-12 14:00:00,2025-08-12 13:00:00,BUY,1.1659088134765625,1.1690892509590551,0.002727861257870723,0.0026420912569546004,1,tp
2025-08-13 02:00:00,2025-08-13 01:00:00,BUY,1.1680878400802612,1.1706463814519708,0.002190367268555482,0.0021047572685462972,1,tp
2025-08-13 09:00:00,2025-08-13 08:00:00,BUY,1.171783447265625,1.1710972785949707,-0.000585576347110428,-0.0006709163476313021,0,timeout
2025-08-14 00:00:00,2025-08-13 23:00:00,SELL,1.1716461181640625,1.1695741538024989,0.0017684216500545302,0.001683071646798686,1,tp
2025-08-14 08:00:00,2025-08-14 07:00:00,SELL,1.1683608293533323,1.1663454997615337,0.0017249205392431133,0.0016393305421397797,1,tp
2025-08-14 14:00:00,2025-08-14 13:00:00,BUY,1.1655012369155884,1.1655012369155884,0.0,-8.579999474272761e-05,0,timeout
2025-08-15 03:00:00,2025-08-15 02:00:00,SELL,1.16604483127594,1.1682386213564946,-0.0018813942840893993,-0.0019671542800327587,0,sl
2025-08-15 09:00:00,2025-08-15 08:00:00,SELL,1.1684973239898682,1.1705107882200116,-0.0017231226711487135,-0.0018087026703039937,0,sl
2025-08-15 15:00:00,2025-08-15 14:00:00,BUY,1.1715089082717896,1.1710972785949707,-0.00035136709069172323,-0.000436727090341679,0,timeout
2025-08-18 01:00:00,2025-08-18 00:00:00,SELL,1.1704120635986328,1.1685735105821133,0.0015708595918487722,0.0014854195975850999,1,tp
2025-08-18 09:00:00,2025-08-18 08:00:00,SELL,1.1684973239898682,1.1664780295505004,0.0017281121641535835,0.0016425321649983034,1,tp
2025-08-18 16:00:00,2025-08-18 15:00:00,SELL,1.1668611764907837,1.166997313499451,-0.00011666941313159818,-0.0002023694107103503,0,timeout
2025-08-19 01:00:00,2025-08-19 00:00:00,SELL,1.1661807298660278,1.1683453892483298,-0.00185619546513216,-0.0019419454672021548,0,sl
2025-08-19 09:00:00,2025-08-19 08:00:00,SELL,1.1678149700164795,1.16604483127594,0.0015157698659357122,0.0014301398624099063,1,timeout
2025-08-19 20:00:00,2025-08-19 19:00:00,BUY,1.164958119392395,1.1628126066959512,-0.0018417080071194691,-0.001927548002854386,0,sl
2025-08-20 04:00:00,2025-08-20 03:00:00,SELL,1.163602590560913,1.165571637397794,-0.0016921987393752058,-0.0017781387336749737,0,sl
2025-08-20 12:00:00,2025-08-20 11:00:00,SELL,1.164686679840088,1.166782787807531,-0.0017997183308826603,-0.0018855783323156036,0,sl
2025-08-20 14:00:00,2025-08-20 13:00:00,SELL,1.16604483127594,1.1655012369155884,0.0004661865013858568,0.00038042650544249727,1,timeout
2025-08-20 23:00:00,2025-08-20 22:00:00,SELL,1.1656370162963867,1.1633362614891671,0.001973817556454982,0.0018880275561359008,1,tp
2025-08-21 08:00:00,2025-08-21 07:00:00,SELL,1.1661807298660278,1.1637092234686948,0.00211931678687316,0.0020335667848031653,1,tp
2025-08-22 00:00:00,2025-08-21 23:00:00,SELL,1.161440134048462,1.159160789084302,0.0019625161016390003,0.001876416097800294,1,tp
2025-08-22 06:00:00,2025-08-22 05:00:00,BUY,1.159151554107666,1.1613380250225862,0.0018862683720450857,0.001799998375990099,1,tp
2025-08-22 14:00:00,2025-08-22 13:00:00,BUY,1.1655012369155884,1.1676281865737537,0.0018249226948863218,0.0017391227001435942,1,tp
2025-08-25 12:00:00,2025-08-25 11:00:00,SELL,1.1706860065460205,1.1679136894639226,0.0023681132828069495,0.0022826932816786888,1,tp
2025-08-26 03:00:00,2025-08-26 02:00:00,BUY,1.163873314857483,1.164822340011597,0.00081540245145173,0.0007294824473383569,1,timeout
2025-08-26 12:00:00,2025-08-26 11:00:00,BUY,1.1659088134765625,1.16441547870636,-0.0012808332460834126,-0.001366603246999535,0,timeout
2025-08-27 00:00:00,2025-08-26 23:00:00,SELL,1.1641442775726318,1.1615020669342482,0.002269659087182019,0.0021837590815499755,1,tp
2025-08-27 09:00:00,2025-08-27 08:00:00,BUY,1.159151554107666,1.161813434382963,0.002296404008487185,0.0022101340124321984,1,tp
2025-08-27 18:00:00,2025-08-27 17:00:00,BUY,1.1641442775726318,1.164822340011597,0.000582455673259652,0.0004965556676276087,1,timeout
2025-08-28 03:00:00,2025-08-28 02:00:00,BUY,1.1656370162963867,1.1674060821533203,0.0015176816043080965,0.0014318916039890153,1,timeout
2025-08-28 12:00:00,2025-08-28 11:00:00,SELL,1.1672697067260742,1.169641438639021,-0.0020318628156632546,-0.0021175328192826214,0,sl
2025-08-28 20:00:00,2025-08-28 19:00:00,SELL,1.1686338186264038,1.1661944774207238,0.002087344356119347,0.0020017743525766307,1,tp
2025-08-29 03:00:00,2025-08-29 02:00:00,SELL,1.1664528846740725,1.1686585926113326,-0.001890953304878984,-0.0019766832999039796,0,sl
2025-08-29 10:00:00,2025-08-29 09:00:00,SELL,1.1675423383712769,1.1697502378124565,-0.0018910658471362751,-0.0019767158460386705,0,sl
2025-08-29 16:00:00,2025-08-29 15:00:00,BUY,1.169864296913147,1.1701380014419556,0.00023396263099129122,0.0001484826310768873,1,timeout
2025-09-01 02:00:00,2025-09-01 01:00:00,SELL,1.1700011491775513,1.1720432107020389,-0.0017453500160431457,-0.0018308200175643362,0,sl
2025-09-01 08:00:00,2025-09-01 07:00:00,BUY,1.1728830337524414,1.1707547194069616,-0.0018146006756279975,-0.0018998606692695347,0,sl
2025-09-01 18:00:00,2025-09-01 17:00:00,SELL,1.170823097229004,1.1706860065460205,0.00011708915147634613,3.167915210353671e-05,1,timeout
2025-09-02 03:00:00,2025-09-02 02:00:00,SELL,1.1702749729156494,1.1685197523993192,0.0014998359846637443,0.0014143859816180006,1,tp
2025-09-02 09:00:00,2025-09-02 08:00:00,SELL,1.164958119392395,1.1623689768501013,0.0022225198478758035,0.0021366798521408868,1,tp
2025-09-03 05:00:00,2025-09-03 04:00:00,BUY,1.1634671688079834,1.1657898630025902,0.0019963555971986846,0.0019104055999138846,1,tp
2025-09-03 10:00:00,2025-09-03 09:00:00,SELL,1.1657729148864746,1.1683797348150677,-0.002236130120459201,-0.0023219101199110997,0,sl
2025-09-03 23:00:00,2025-09-03 22:00:00,SELL,1.1663167476654053,1.1655012369155884,0.0006992189312631236,0.0006134789295010224,1,timeout
2025-09-04 08:00:00,2025-09-04 07:00:00,SELL,1.1655012369155884,1.1650937795639038,0.00034959838632420137,0.0002637983915814738,1,timeout
2025-09-04 17:00:00,2025-09-04 16:00:00,SELL,1.1641442775726318,1.1663167476654053,-0.0018661519320468667,-0.00195205193767891,0,timeout
2025-09-05 02:00:00,2025-09-05 01:00:00,SELL,1.1674060821533203,1.1695448975632892,-0.001832109188624198,-0.001917769184343551,0,sl
2025-09-05 11:00:00,2025-09-05 10:00:00,BUY,1.1693171262741089,1.171349893372211,0.0017384224111891555,0.0016529024117355956,1,tp
2025-09-05 14:00:00,2025-09-05 13:00:00,SELL,1.1750881671905518,1.1720718103798509,0.0025669195681823354,0.0024818195707590916,1,tp
2025-09-08 03:00:00,2025-09-08 02:00:00,SELL,1.1719207763671875,1.1745002610161033,-0.002201074254278401,-0.0022864042544086046,0,sl
2025-09-08 10:00:00,2025-09-08 09:00:00,SELL,1.1726078987121582,1.1750370772296455,-0.0020716034065224598,-0.0021568834051561266,0,sl
2025-09-08 15:00:00,2025-09-08 14:00:00,SELL,1.174812078475952,1.176747441291809,-0.0016473807609875823,-0.0017325007574807466,0,timeout
2025-09-09 01:00:00,2025-09-09 00:00:00,BUY,1.177440166473389,1.175334791265624,-0.0017880952830671148,-0.001873025288724655,0,sl
2025-09-09 09:00:00,2025-09-09 08:00:00,SELL,1.1763322353363037,1.1739645035719406,0.0020128087059403388,0.0019277987087677195,1,tp
2025-09-09 15:00:00,2025-09-09 14:00:00,SELL,1.173433542251587,1.1716461181640625,0.0015232427088240907,0.0014380227143384041,1,timeout
2025-09-10 01:00:00,2025-09-10 00:00:00,BUY,1.1702749729156494,1.1704120635986328,0.00011714399278472953,3.169398973898571e-05,1,timeout
2025-09-10 10:00:00,2025-09-10 09:00:00,SELL,1.171783447265625,1.1709601879119873,0.0007025695366825735,0.0006172295361616994,1,timeout
2025-09-11 00:00:00,2025-09-10 23:00:00,BUY,1.1704120635986328,1.1695905923843384,-0.0007018649583708791,-0.0007873049526345514,0,timeout
2025-09-11 09:00:00,2025-09-11 08:00:00,SELL,1.1695905923843384,1.171498498653638,-0.0016312599312295895,-0.0017167599349498135,0,sl_conflict
2025-09-12 02:00:00,2025-09-12 01:00:00,BUY,1.1728830337524414,1.1750166122249492,0.0018190888699973762,0.001733828876355839,1,tp
2025-09-12 09:00:00,2025-09-12 08:00:00,BUY,1.172195553779602,1.1730204820632937,0.000703746299865804,0.0006184363021631492,1,timeout
2025-09-14 23:00:00,2025-09-12 21:00:00,BUY,1.1731581687927246,1.1728830337524414,-0.00023452510292476525,-0.0003197651009575183,0,timeout
2025-09-15 08:00:00,2025-09-15 07:00:00,SELL,1.17384672164917,1.1757493780090083,-0.0016208729170068548,-0.0017060629151179432,0,sl
2025-09-15 12:00:00,2025-09-15 11:00:00,BUY,1.176747441291809,1.176885962486267,0.00011771531392157364,3.2735311848892633e-05,1,timeout
2025-09-16 01:00:00,2025-09-15 21:00:00,SELL,1.1766090393066406,1.1786506870622764,-0.001735196388461313,-0.0018201863865484676,0,sl
2025-09-16 05:00:00,2025-09-16 04:00:00,SELL,1.178133845329285,1.1801628981515884,-0.0017222600219386486,-0.0018071400212667811,0,sl
2025-09-16 09:00:00,2025-09-16 08:00:00,SELL,1.1800801753997805,1.1820376182227899,-0.0016587371466911804,-0.0017434771517218747,0,sl
2025-09-16 11:00:00,2025-09-16 10:00:00,BUY,1.1810559034347534,1.1831978068477427,0.0018135495591362627,0.0017288795619674754,1,tp
2025-09-17 05:00:00,2025-09-17 04:00:00,BUY,1.1858175992965698,1.1846938133239746,-0.0009476887282342528,-0.0010320187297954712,0,timeout
2025-09-17 14:00:00,2025-09-17 13:00:00,SELL,1.1851149797439575,1.1871921545365736,-0.0017527200551163968,-0.001837100053436564,0,sl_conflict
2025-09-17 21:00:00,2025-09-17 20:00:00,BUY,1.18035888671875,1.179940938949585,-0.00035408533274727816,-0.0004388053286105596,0,timeout
2025-09-18 06:00:00,2025-09-18 05:00:00,BUY,1.179662585258484,1.182792614819961,0.0026533261295145216,0.0025685561272701185,1,tp
2025-09-18 09:00:00,2025-09-18 08:00:00,SELL,1.18343186378479,1.1799485570283503,0.002943394430245938,0.002858894423899831,1,tp
2025-09-19 03:00:00,2025-09-19 02:00:00,SELL,1.178550362586975,1.1759285819485876,0.0022245809102570124,0.0021397309087852934,1,tp
2025-09-19 10:00:00,2025-09-19 09:00:00,BUY,1.1764705181121826,1.1737834138231302,-0.002284038781833808,-0.0023690387869002034,0,sl
2025-09-19 14:00:00,2025-09-19 13:00:00,SELL,1.1764705181121826,1.1745359897613523,0.001644349196216588,0.0015593491911501927,1,timeout
2025-09-22 02:00:00,2025-09-22 01:00:00,BUY,1.1737089157104492,1.1758818473459973,0.0018513377605493542,0.001766137760224342,1,tp
2025-09-22 10:00:00,2025-09-22 09:00:00,SELL,1.1778563261032104,1.179940938949585,-0.0017698362696503267,-0.0018547362678791746,0,timeout
2025-09-23 00:00:00,2025-09-22 23:00:00,SELL,1.18035888671875,1.179523468017578,0.0007077666890741297,0.0006230466932108482,1,timeout
2025-09-23 09:00:00,2025-09-23 08:00:00,SELL,1.1806375980377195,1.1807769536972046,-0.00011803423820877512,-0.00020273423435171107,0,timeout
2025-09-23 21:00:00,2025-09-23 20:00:00,SELL,1.1820330619812012,1.1806375980377195,0.001180562531087559,0.0010959625285864526,1,timeout
2025-09-24 06:00:00,2025-09-24 05:00:00,SELL,1.18035888671875,1.17852159161183,0.001556556338578985,0.0014718363427157035,1,tp
2025-09-24 10:00:00,2025-09-24 09:00:00,BUY,1.177163004875183,1.1750463197538437,-0.0017981240597718662,-0.0018830740620959735,0,sl
2025-09-24 14:00:00,2025-09-24 13:00:00,BUY,1.1737089157104492,1.1743981838226318,0.0005872564338198494,0.0005020564334948371,1,timeout
2025-09-25 00:00:00,2025-09-24 23:00:00,BUY,1.1745359897613523,1.1737089157104492,-0.0007041708880041186,-0.000789310892969244,0,timeout
2025-09-25 09:00:00,2025-09-25 08:00:00,BUY,1.1746740341186523,1.1727145321496195,-0.0016681240174879486,-0.001753254017041424,0,sl
2025-09-25 14:00:00,2025-09-25 13:00:00,SELL,1.1686338186264038,1.1658496209724916,0.0023824380310889515,0.002296868027546235,1,tp
2025-09-26 05:00:00,2025-09-26 04:00:00,SELL,1.1683608293533323,1.1684973239898682,-0.00011682575545735041,-0.0002024157525606839,0,timeout
2025-09-29 00:00:00,2025-09-28 23:00:00,SELL,1.1710972785949707,1.1731226285868286,-0.0017294464165160672,-0.0018148364194029115,0,sl
2025-09-29 04:00:00,2025-09-29 03:00:00,BUY,1.1727453470230105,1.1732958555221558,0.00046941861721538913,0.000384148613583443,1,timeout
2025-09-29 13:00:00,2025-09-29 12:00:00,BUY,1.175364375114441,1.1728999812876983,-0.0020967062460971464,-0.0021817862452167924,0,sl
2025-09-30 00:00:00,2025-09-29 23:00:00,SELL,1.1730204820632937,1.174909741366281,-0.0016105936186758818,-0.0016958436220041308,0,sl
2025-09-30 09:00:00,2025-09-30 08:00:00,BUY,1.1759172677993774,1.1738177601144013,-0.0017854212557871785,-0.001870461251999787,0,sl
2025-09-30 14:00:00,2025-09-30 13:00:00,SELL,1.1731581687927246,1.1754663070323366,-0.0019674569900385297,-0.002052696988071283,0,sl
2025-09-30 23:00:00,2025-09-30 22:00:00,SELL,1.1737089157104492,1.1761024756542275,-0.002039313079878591,-0.002124513080203603,0,sl
2025-10-01 06:00:00,2025-10-01 05:00:00,BUY,1.1759172677993774,1.173629320101469,-0.0019456706356478781,-0.0020307106318604865,0,sl
2025-10-01 11:00:00,2025-10-01 10:00:00,BUY,1.1728830337524414,1.1758107347731261,0.0024961577040789606,0.0024108977104374233,1,tp
2025-10-02 02:00:00,2025-10-02 01:00:00,SELL,1.1742602586746216,1.1757789850234983,-0.0012933473117713312,-0.0013785073086811043,0,timeout
2025-10-02 11:00:00,2025-10-02 10:00:00,SELL,1.1756407022476196,1.1734960417161746,0.0018242482821024808,0.0017391882805145658,1,tp
2025-10-02 15:00:00,2025-10-02 14:00:00,SELL,1.1715089082717896,1.1689468406239798,0.0021869809352020875,0.0021016209355521316,1,tp
2025-10-03 01:00:00,2025-10-03 00:00:00,BUY,1.1728830337524414,1.1743981838226318,0.001291816853504102,0.0012065568598625647,1,timeout
2025-10-03 10:00:00,2025-10-03 09:00:00,BUY,1.174122333526611,1.1737089157104492,-0.0003521079570304453,-0.00043727795775740406,0,timeout
2025-10-05 23:00:00,2025-10-03 21:00:00,SELL,1.1719207763671875,1.1699949807772547,0.0016432813793970658,0.0015579513792668624,1,tp
2025-10-06 08:00:00,2025-10-06 07:00:00,SELL,1.1665889024734497,1.1693900761094709,-0.002401166023508372,-0.0024868860228911675,0,sl
2025-10-07 01:00:00,2025-10-07 00:00:00,SELL,1.1712344884872437,1.1690328670455632,0.0018797443751200626,0.00179436437565543,1,tp
2025-10-07 08:00:00,2025-10-07 07:00:00,BUY,1.1679514646530151,1.1676785945892334,-0.0002336313383217714,-0.00031925133455141684,0,timeout
2025-10-07 23:00:00,2025-10-07 22:00:00,BUY,1.1663167476654053,1.1641419346121054,-0.0018646847502217234,-0.0019504247519838247,0,sl
2025-10-08 03:00:00,2025-10-08 02:00:00,BUY,1.1626555919647217,1.163602590560913,0.0008145134317816272,0.0007285034382021749,1,timeout
2025-10-08 12:00:00,2025-10-08 11:00:00,BUY,1.1629259586334229,1.1604068975626116,-0.0021661405458447414,-0.002252130543107776,0,sl
2025-10-09 00:00:00,2025-10-08 23:00:00,SELL,1.1633317470550537,1.1611126929882625,0.0019074989334803005,0.0018215389308816029,1,tp
2025-10-09 09:00:00,2025-10-09 08:00:00,SELL,1.1617100238800049,1.1594661571823734,0.0019315204754256632,0.0018454404744405557,1,tp
2025-10-09 16:00:00,2025-10-09 15:00:00,BUY,1.156336784362793,1.1568717956542969,0.00046267774124197913,0.00037619774566257215,1,timeout
2025-10-10 03:00:00,2025-10-10 02:00:00,BUY,1.1574074029922483,1.1575413942337036,0.00011576843305904916,2.9368432729459288e-05,1,timeout
2025-10-10 12:00:00,2025-10-10 11:00:00,BUY,1.156738042831421,1.1589488674396495,0.0019112578011328818,0.0018248078044203818,1,tp
2025-10-13 02:00:00,2025-10-13 01:00:00,BUY,1.1623852252960205,1.1595483162563984,-0.0024405928240353036,-0.0025266228232333175,0,sl
2025-10-13 10:00:00,2025-10-13 09:00:00,SELL,1.15968918800354,1.156995583417624,0.002322695265059127,0.0022364652639222235,1,tp
2025-10-13 13:00:00,2025-10-13 12:00:00,BUY,1.157139539718628,1.1574074029922483,0.00023148744332557314,0.00014506744248080365,1,timeout
2025-10-13 22:00:00,2025-10-13 21:00:00,BUY,1.1575413942337036,1.1587486267089844,0.0010429281244668243,0.0009565381253720615,1,timeout
2025-10-14 07:00:00,2025-10-14 06:00:00,SELL,1.1575413942337036,1.155175864132191,0.0020435814332830926,0.00195719143418833,1,tp
2025-10-14 09:00:00,2025-10-14 08:00:00,BUY,1.1556684970855713,1.1582891006250835,0.002267608354922679,0.002181078350641879,1,tp
2025-10-15 02:00:00,2025-10-15 01:00:00,BUY,1.16225004196167,1.16454743789788,0.0019766795898172873,0.0018906395843196597,1,tp
2025-10-15 09:00:00,2025-10-15 08:00:00,BUY,1.163602590560913,1.1642799377441406,0.0005821121306552879,0.00049617213635552,1,timeout
2025-10-16 00:00:00,2025-10-15 23:00:00,SELL,1.164822340011597,1.167031949368614,-0.0018969496730250057,-0.0019827996748364445,0,sl
2025-10-16 04:00:00,2025-10-16 03:00:00,SELL,1.1664528846740725,1.1656370162963867,0.0006994439196005287,0.000613713924575533,1,timeout
2025-10-16 13:00:00,2025-10-16 12:00:00,SELL,1.1663167476654053,1.1684019002935988,-0.0017878099001555903,-0.0018735499019176915,0,sl
2025-10-17 02:00:00,2025-10-17 01:00:00,BUY,1.170548915863037,1.1727402834506546,0.0018720854446325763,0.0017866554394061218,1,tp
2025-10-17 07:00:00,2025-10-17 06:00:00,BUY,1.1712344884872437,1.1689612967670406,-0.001940851078539363,-0.0020262310780039955,0,sl
2025-10-17 13:00:00,2025-10-17 12:00:00,BUY,1.1678149700164795,1.1657729148864746,-0.001748611879822115,-0.001834241883347921,0,timeout
2025-10-20 00:00:00,2025-10-19 23:00:00,BUY,1.1663167476654053,1.1665889024734497,0.00023334553721299223,0.00014760553545089102,1,timeout
2025-10-20 09:00:00,2025-10-20 08:00:00,BUY,1.1667250394821167,1.1653653383255005,-0.0011653998248120079,-0.0012511098221258462,0,timeout
2025-10-20 21:00:00,2025-10-20 20:00:00,SELL,1.1631964445114136,1.1650890315463165,-0.001627057101002194,-0.0017130271024338986,0,sl
2025-10-20 23:00:00,2025-10-20 22:00:00,SELL,1.164686679840088,1.1627449619190156,0.0016671590348564802,0.001581299033423537,1,tp
2025-10-21 08:00:00,2025-10-21 07:00:00,BUY,1.1626555919647217,1.160749799998671,-0.0016391715476380408,-0.0017251815412174932,0,sl
2025-10-21 19:00:00,2025-10-21 18:00:00,BUY,1.1609008312225342,1.161170482635498,0.00023227773269818286,0.00014613773063212274,1,timeout
2025-10-22 04:00:00,2025-10-22 03:00:00,SELL,1.161170482635498,1.1594918339974951,0.0014456521786473386,0.0013595321803392254,1,tp
2025-10-22 10:00:00,2025-10-22 09:00:00,SELL,1.15968918800354,1.16135897967592,-0.0014398613780772784,-0.001526091379214182,0,sl
2025-10-22 19:00:00,2025-10-22 18:00:00,SELL,1.16130530834198,1.1599582433700562,0.0011599576461482908,0.0010738476462355442,1,timeout
2025-10-23 04:00:00,2025-10-23 03:00:00,SELL,1.1595547199249268,1.1590172052383425,0.00046355267013109547,0.00037731266930864674,1,timeout
2025-10-23 13:00:00,2025-10-23 12:00:00,SELL,1.1603620052337646,1.1620876101863298,-0.0014871263836473414,-0.0015733063857061422,0,sl
2025-10-23 16:00:00,2025-10-23 15:00:00,SELL,1.1617100238800049,1.1621150970458984,-0.00034868698519163743,-0.00043476698617674487,0,timeout
2025-10-24 01:00:00,2025-10-24 00:00:00,SELL,1.1619800329208374,1.1605126765302496,0.0012628068891161748,0.0011767468905216785,1,tp
2025-10-24 07:00:00,2025-10-24 06:00:00,SELL,1.1617100238800049,1.1631301904520968,-0.0012224793992468008,-0.0013085594002319083,0,sl
2025-10-24 14:00:00,2025-10-24 13:00:00,BUY,1.163061261177063,1.1631964445114136,0.00011623062246424176,3.0250628685757442e-05,1,timeout
2025-10-27 01:00:00,2025-10-27 00:00:00,BUY,1.1637378931045532,1.1633317470550537,-0.0003490013102658285,-0.00043493131271098883,0,timeout
2025-10-27 10:00:00,2025-10-27 09:00:00,SELL,1.164008855819702,1.1641442775726318,-0.00011634082700728854,-0.00020225082631702697,0,timeout
2025-10-27 22:00:00,2025-10-27 21:00:00,SELL,1.164958119392395,1.1666552476322796,-0.0014568148087330535,-0.0015426548044679704,0,sl
2025-10-28 03:00:00,2025-10-28 02:00:00,SELL,1.1659088134765625,1.1667250394821167,-0.0007000770524414612,-0.0007858470533575837,0,timeout
2025-10-28 12:00:00,2025-10-28 11:00:00,SELL,1.1661807298660278,1.1644200309808315,0.001509799330502215,0.0014240493284322202,1,tp
2025-10-28 14:00:00,2025-10-28 13:00:00,SELL,1.1641442775726318,1.1661813687033906,-0.0017498613960515996,-0.001835761401683643,0,sl
2025-10-28 22:00:00,2025-10-28 21:00:00,SELL,1.1657729148864746,1.1637051344279967,0.0017737420659488246,0.001687962066496926,1,tp
2025-10-29 06:00:00,2025-10-29 05:00:00,SELL,1.1633317470550537,1.1651043530255407,-0.001523732138295264,-0.0016096921408939617,0,sl
2025-10-29 12:00:00,2025-10-29 11:00:00,SELL,1.16441547870636,1.1664366615537114,-0.0017357918065439293,-0.001821671805417783,0,sl
2025-10-30 05:00:00,2025-10-30 04:00:00,SELL,1.1637378931045532,1.161079924413299,0.0022839925613863388,0.0021980625589411783,1,tp
2025-10-30 10:00:00,2025-10-30 09:00:00,SELL,1.1621150970458984,1.159569961044379,0.002190089439496279,0.0021040394430250167,1,tp
2025-10-31 02:00:00,2025-10-31 01:00:00,BUY,1.1570056676864624,1.158077597618103,0.0009264690412311705,0.0008400390411085616,1,timeout
2025-10-31 11:00:00,2025-10-31 10:00:00,BUY,1.1574074029922483,1.1552978500021658,-0.0018226537903841544,-0.0019090537907137442,0,sl
2025-10-31 15:00:00,2025-10-31 14:00:00,BUY,1.1538017988204956,1.1528706550598145,-0.0008070222820184547,-0.0008936922803684552,0,timeout
2025-11-03 02:00:00,2025-11-03 01:00:00,BUY,1.1530035734176636,1.1518083810806274,-0.0010365903147147026,-0.0011233203147819062,0,timeout
2025-11-03 11:00:00,2025-11-03 10:00:00,BUY,1.1516757011413574,1.1537575939382514,0.0018077074951141636,0.001720877496095433,1,tp
2025-11-03 19:00:00,2025-11-03 18:00:00,SELL,1.1526048183441162,1.1505656715095092,0.0017691638991554903,0.001682403893984191,1,tp
2025-11-04 03:00:00,2025-11-04 02:00:00,BUY,1.151543140411377,1.1532775574835463,0.0015061676903826982,0.0014193276958651883,1,tp
2025-11-04 09:00:00,2025-11-04 08:00:00,SELL,1.1516757011413574,1.1498575735446601,0.0015786801743715717,0.001491850175352841,1,tp
2025-11-04 13:00:00,2025-11-04 12:00:00,BUY,1.1491611003875732,1.148369312286377,-0.0006890140128561484,-0.0007760340137648751,0,timeout
2025-11-04 22:00:00,2025-11-04 21:00:00,SELL,1.1482374668121338,1.1495574712753296,-0.0011495918756776469,-0.0012366818748200988,0,timeout
2025-11-05 07:00:00,2025-11-05 06:00:00,SELL,1.1490291357040403,1.1473847254515723,0.0014311301614300387,0.0013441001663736232,1,tp
2025-11-05 16:00:00,2025-11-05 15:00:00,BUY,1.1482374668121338,1.1499539613723757,0.0014948950977948794,0.0014078050986524274,1,timeout
2025-11-06 01:00:00,2025-11-06 00:00:00,SELL,1.150483250617981,1.152232330232775,-0.0015202999381820348,-0.0016072199345803179,0,sl
2025-11-06 10:00:00,2025-11-06 09:00:00,BUY,1.151543140411377,1.153219578023474,0.0014558183304345107,0.0013689783359170009,1,tp
2025-11-07 02:00:00,2025-11-07 01:00:00,BUY,1.154334545135498,1.1542012691497805,-0.00011545698452775088,-0.000202086983102611,0,timeout
2025-11-07 11:00:00,2025-11-07 10:00:00,BUY,1.1555349826812744,1.15719173357138,0.0014337522575571526,0.0013472122553081834,1,tp
2025-11-07 22:00:00,2025-11-07 21:00:00,BUY,1.1570056676864624,1.1549729898308276,-0.001756843473117331,-0.0018432734732399397,0,sl
2025-11-10 02:00:00,2025-11-10 01:00:00,BUY,1.156203031539917,1.15837324929713,0.0018770213344991848,0.0017905313346703376,1,tp
2025-11-10 10:00:00,2025-11-10 09:00:00,BUY,1.157139539718628,1.1549841026945051,-0.0018627286944553623,-0.0019491486953001316,0,sl
2025-11-10 21:00:00,2025-11-10 20:00:00,SELL,1.156738042831421,1.1560693979263306,0.0005780434984689053,0.0004915935017564053,1,timeout
2025-11-11 06:00:00,2025-11-11 05:00:00,SELL,1.1564704179763794,1.1581147814191561,-0.0014218811110222607,-0.0015083511135796823,0,sl
2025-11-11 23:00:00,2025-11-11 22:00:00,SELL,1.1588828563690186,1.1586142778396606,0.0002317564090985602,0.00014546641054485188,1,timeout
2025-11-12 08:00:00,2025-11-12 07:00:00,SELL,1.1587486267089844,1.157089701826511,0.0014316520807321487,0.0013453520863286907,1,tp
2025-11-12 12:00:00,2025-11-12 11:00:00,SELL,1.1582117080688477,1.159959484376456,-0.001509030080970808,-0.0015953700819424227,0,sl
2025-11-13 00:00:00,2025-11-12 23:00:00,BUY,1.1595547199249268,1.161254141622609,0.0014655812860580042,0.0013793412852355555,1,tp
2025-11-13 09:00:00,2025-11-13 08:00:00,SELL,1.1629259586334229,1.1609368948178895,0.0017103959205371222,0.0016244059232740876,1,tp
2025-11-14 03:00:00,2025-11-14 02:00:00,SELL,1.164008855819702,1.1619802659311964,0.0017427615592124912,0.0016568515599027528,1,tp
2025-11-14 12:00:00,2025-11-14 11:00:00,BUY,1.16225004196167,1.1643129622402306,0.0017749367210853073,0.0016888967155876797,1,tp
2025-11-17 01:00:00,2025-11-17 00:00:00,SELL,1.1609008312225342,1.1607661247253418,0.00011603617946465139,2.9896177398591273e-05,1,timeout
2025-11-17 10:00:00,2025-11-17 09:00:00,BUY,1.160496711730957,1.1586239664988127,-0.0016137445399142525,-0.0016999145384925711,0,sl
2025-11-17 22:00:00,2025-11-17 21:00:00,SELL,1.1595547199249268,1.1602274179458618,-0.0005801347787870448,-0.0006663747796094936,0,timeout
2025-11-18 07:00:00,2025-11-18 06:00:00,SELL,1.1599582433700562,1.158404735656181,0.0013392789979763675,0.0012530689981151075,1,tp
2025-11-18 13:00:00,2025-11-18 12:00:00,SELL,1.15968918800354,1.1580273972597501,0.0014329621772629642,0.0013467321761260606,1,tp
2025-11-18 18:00:00,2025-11-18 17:00:00,SELL,1.1579434871673584,1.158077597618103,-0.00011581778578229063,-0.0002021777861693794,0,timeout
2025-11-19 03:00:00,2025-11-19 02:00:00,BUY,1.1582117080688477,1.1598846302079797,0.0014444009911809275,0.0013580609902093127,1,tp
2025-11-19 09:00:00,2025-11-19 08:00:00,SELL,1.1576753854751587,1.1558583642847726,0.0015695429074362721,0.001483162907261218,1,tp
2025-11-20 04:00:00,2025-11-20 03:00:00,BUY,1.1516757011413574,1.1518083810806274,0.00011520598996628273,2.8375990947552068e-05,1,timeout
2025-11-20 13:00:00,2025-11-20 12:00:00,BUY,1.151543140411377,1.153371217981214,0.0015875024614222522,0.0015006624669047423,1,tp
2025-11-20 22:00:00,2025-11-20 21:00:00,SELL,1.1530035734176636,1.1538017988204956,-0.0006923008924126783,-0.000779030892479882,0,timeout
2025-11-21 07:00:00,2025-11-21 06:00:00,SELL,1.154334545135498,1.1525232530684077,0.001569122291906866,0.0014824922933320058,1,tp
2025-11-21 12:00:00,2025-11-21 11:00:00,BUY,1.151145339012146,1.1516757011413574,0.0004607256019180106,0.0003738555980957175,1,timeout
2025-11-24 01:00:00,2025-11-24 00:00:00,SELL,1.151145339012146,1.1533599116068292,-0.0019237992976486318,-0.0020106693014709247,0,sl
2025-11-24 10:00:00,2025-11-24 09:00:00,SELL,1.15340256690979,1.1522064208984375,0.001037058565386495,0.0009503585675982802,1,timeout
2025-11-25 01:00:00,2025-11-25 00:00:00,BUY,1.152737736701965,1.15340256690979,0.0005767402130227861,0.000489990211859378,1,timeout
2025-11-25 10:00:00,2025-11-25 09:00:00,BUY,1.1536686420440674,1.1553728971534674,0.0014772483599627684,0.0013905683581358832,1,tp
2025-11-26 02:00:00,2025-11-26 01:00:00,SELL,1.1579434871673584,1.1575413942337036,0.00034724745906078436,0.0002608874586736956,1,timeout
2025-11-26 11:00:00,2025-11-26 10:00:00,BUY,1.1575413942337036,1.15515942375682,-0.0020577842734174068,-0.0021441742725121695,0,sl
2025-11-27 00:00:00,2025-11-26 23:00:00,BUY,1.160496711730957,1.1594202518463137,-0.0009275854672933237,-0.0010137554658716423,0,timeout
2025-11-27 09:00:00,2025-11-27 08:00:00,BUY,1.1595547199249268,1.1602274179458618,0.0005801347787870448,0.000493894777964596,1,timeout
2025-11-27 20:00:00,2025-11-27 19:00:00,BUY,1.159823656082153,1.1590172052383425,-0.0006953219479370887,-0.0007815419517071418,0,timeout
2025-11-28 05:00:00,2025-11-28 04:00:00,BUY,1.1592857837677002,1.157707870529322,-0.0013611080722908397,-0.0014473680794436904,0,sl
2025-11-28 10:00:00,2025-11-28 09:00:00,BUY,1.1570056676864624,1.158740893787045,0.0014997559208609346,0.0014133259207383259,1,tp
2025-12-01 00:00:00,2025-11-28 22:00:00,BUY,1.160496711730957,1.16130530834198,0.0006967676882227991,0.0006105976896444805,1,timeout
2025-12-01 09:00:00,2025-12-01 08:00:00,BUY,1.1618449687957764,1.1638075192160098,0.0016891672064196506,0.0016030972033764326,1,tp
2025-12-01 14:00:00,2025-12-01 13:00:00,SELL,1.164822340011597,1.1627133594138634,0.0018105598813570323,0.0017247098795455935,1,tp
2025-12-02 01:00:00,2025-12-02 00:00:00,BUY,1.1609008312225342,1.16130530834198,0.0003484165990472743,0.00026227659698121417,1,timeout
2025-12-02 10:00:00,2025-12-02 09:00:00,BUY,1.16130530834198,1.1598400886660638,-0.0012617006616529869,-0.0013478106615657335,0,sl
2025-12-02 17:00:00,2025-12-02 16:00:00,SELL,1.1599582433700562,1.1618482955576857,-0.0016294139883330505,-0.0017156239881943106,0,sl
2025-12-03 00:00:00,2025-12-02 23:00:00,BUY,1.1631964445114136,1.1650401742108498,0.0015850544490021434,0.0014990844475704387,1,tp
2025-12-03 08:00:00,2025-12-03 07:00:00,BUY,1.16441547870636,1.165978019400822,0.0013419099308074056,0.001256029931933552,1,tp
2025-12-03 12:00:00,2025-12-03 11:00:00,BUY,1.1668611764907837,1.1676785945892334,0.0007005272905797888,0.0006148272930010367,1,timeout
2025-12-03 21:00:00,2025-12-03 20:00:00,SELL,1.166997313499451,1.16604483127594,0.0008161820190097924,0.0007304920188330722,1,timeout
2025-12-04 06:00:00,2025-12-04 05:00:00,BUY,1.1663167476654053,1.1677688305903158,0.0012450159254053794,0.0011592759236432782,1,tp
2025-12-04 10:00:00,2025-12-04 09:00:00,BUY,1.1682243347167969,1.1665766859299802,-0.0014103873184734272,-0.0014959873158611227,0,sl
2025-12-05 02:00:00,2025-12-05 01:00:00,SELL,1.1657729148864746,1.1674972686200424,-0.0014791506232032514,-0.00156493062265515,0,sl
2025-12-05 09:00:00,2025-12-05 08:00:00,BUY,1.1656370162963867,1.1640116478847995,-0.0013944035654869236,-0.0014801935658060048,0,sl
2025-12-05 22:00:00,2025-12-05 21:00:00,SELL,1.1645511388778689,1.1663223748615088,-0.0015209602434005376,-0.0016068302379946414,0,sl
2025-12-08 08:00:00,2025-12-08 07:00:00,SELL,1.1661807298660278,1.1645481617062734,0.0013999272307835264,0.0013141772287135315,1,tp
2025-12-08 16:00:00,2025-12-08 15:00:00,SELL,1.1627906560897827,1.16441547870636,-0.0013973475002295732,-0.001483347503305173,0,timeout
2025-12-09 01:00:00,2025-12-09 00:00:00,SELL,1.1641442775726318,1.164958119392395,-0.000699090169012484,-0.0007849901746445273,0,timeout
2025-12-09 10:00:00,2025-12-09 09:00:00,BUY,1.1656370162963867,1.1637153144090755,-0.0016486280552561183,-0.0017344180555751995,0,sl
2025-12-10 02:00:00,2025-12-10 01:00:00,BUY,1.1626555919647217,1.164340578480401,0.0014492567939505818,0.0013632468003711294,1,tp
2025-12-10 09:00:00,2025-12-10 08:00:00,BUY,1.1656370162963867,1.1640180563753817,-0.0013889057213960498,-0.001474695721715131,0,sl
2025-12-10 11:00:00,2025-12-10 10:00:00,SELL,1.163873314857483,1.165677311836766,-0.0015499942788050891,-0.0016359142829184621,0,sl
2025-12-11 00:00:00,2025-12-10 23:00:00,SELL,1.170548915863037,1.169727444648743,0.0007017829013054033,0.0006163528960789488,1,timeout
2025-12-11 09:00:00,2025-12-11 08:00:00,BUY,1.1701380014419556,1.172162139414473,0.0017298284219664506,0.0016443684164997702,1,tp
2025-12-11 14:00:00,2025-12-11 13:00:00,SELL,1.1735711097717283,1.1757657097659202,-0.0018700187623217346,-0.0019552287672096797,0,sl
2025-12-12 05:00:00,2025-12-12 04:00:00,BUY,1.1735711097717283,1.1727453470230105,-0.0007036324785453241,-0.0007888424834332691,0,timeout
2025-12-12 14:00:00,2025-12-12 13:00:00,BUY,1.1730204820632937,1.1747360144594028,0.0014624914247802767,0.0013772414214520278,1,tp
2025-12-12 17:00:00,2025-12-12 16:00:00,SELL,1.173433542251587,1.1743981838226318,-0.0008220674936512129,-0.0009072874881368995,0,timeout
2025-12-15 03:00:00,2025-12-15 02:00:00,BUY,1.1745359897613523,1.1746740341186523,0.00011753097265931878,3.239096769419338e-05,1,timeout
2025-12-15 12:00:00,2025-12-15 11:00:00,BUY,1.1752262115478516,1.1769743454877604,0.0014874871941517043,0.0014023971927397264,1,tp
2025-12-15 23:00:00,2025-12-15 22:00:00,BUY,1.1756407022476196,1.1756407022476196,0.0,-8.506000158791498e-05,0,timeout
2025-12-16 08:00:00,2025-12-16 07:00:00,BUY,1.1756407022476196,1.177215591388649,0.0013396007283674738,0.0012545407267795588,1,tp
2025-12-17 00:00:00,2025-12-16 23:00:00,SELL,1.1752262115478516,1.1726970370543037,0.002152074612271182,0.0020669846108592044,1,tp
2025-12-17 08:00:00,2025-12-17 07:00:00,SELL,1.171783447265625,1.1740249200806752,-0.0019128729120390098,-0.0019982129125598836,0,sl
2025-12-17 22:00:00,2025-12-17 21:00:00,SELL,1.1742602586746216,1.1749500036239624,-0.0005873867775438857,-0.0006725467744536586,0,timeout
2025-12-18 07:00:00,2025-12-18 06:00:00,SELL,1.174812078475952,1.173142331456372,0.0014212886045110729,0.0013361686080179086,1,tp
2025-12-18 11:00:00,2025-12-18 10:00:00,BUY,1.1727453470230105,1.174564873506992,0.0015515102989753782,0.0014662402953434322,1,tp
2025-12-19 05:00:00,2025-12-19 04:00:00,BUY,1.17205810546875,1.1713716983795166,-0.0005856425428318879,-0.0006709625449148957,0,timeout
2025-12-19 14:00:00,2025-12-19 13:00:00,BUY,1.172333002090454,1.1712344884872437,-0.0009370320559530798,-0.0010223320516212766,0,timeout
2025-12-22 03:00:00,2025-12-22 02:00:00,BUY,1.1719207763671875,1.1736797148276266,0.0015009021905827424,0.001415572190452539,1,tp
2025-12-22 10:00:00,2025-12-22 09:00:00,BUY,1.173433542251587,1.1751672283225862,0.0014774471741048067,0.0013922271796191201,1,tp
2025-12-22 19:00:00,2025-12-22 18:00:00,BUY,1.1756407022476196,1.1776848037651437,0.001738712783264651,0.001653652781676736,1,tp
2025-12-23 03:00:00,2025-12-23 02:00:00,BUY,1.178133845329285,1.179887898287756,0.0014888401393653439,0.0014039601400372113,1,tp
2025-12-23 12:00:00,2025-12-23 11:00:00,BUY,1.179940938949585,1.1783355468344754,-0.001360569891353025,-0.0014453198959498846,0,sl
2025-12-23 15:00:00,2025-12-23 14:00:00,BUY,1.177163004875183,1.179000822356615,0.001561225993189419,0.0014762759908653117,1,tp
2025-12-24 00:00:00,2025-12-23 23:00:00,BUY,1.179940938949585,1.1792453527450562,-0.0005895093403133211,-0.0006742593449101806,0,timeout
2025-12-24 09:00:00,2025-12-24 08:00:00,BUY,1.1802195310592651,1.1781901602828013,-0.0017194858439958383,-0.0018042158432615245,0,sl
2025-12-25 00:00:00,2025-12-24 23:00:00,BUY,1.177440166473389,1.1789494224996566,0.0012818112284960215,0.0011968812228384813,1,tp
2025-12-25 03:00:00,2025-12-25 02:00:00,SELL,1.178550362586975,1.178828239440918,-0.00023577851466005662,-0.00032062851613177577,0,timeout
2025-12-26 01:00:00,2025-12-26 00:00:00,SELL,1.178828239440918,1.177994966506958,0.000706865433046544,0.0006220354326663131,1,timeout
2025-12-26 10:00:00,2025-12-26 09:00:00,BUY,1.1773016452789309,1.1791761284697635,0.0015921859944301175,0.001507245995916561,1,tp
2025-12-29 02:00:00,2025-12-29 01:00:00,BUY,1.178828239440918,1.1769609773890415,-0.0015839984057067769,-0.0016688284060870078,0,sl
2025-12-29 06:00:00,2025-12-29 05:00:00,BUY,1.1760554313659668,1.1778572749211722,0.0015321076771972475,0.0014470776715249367,1,tp
2025-12-29 09:00:00,2025-12-29 08:00:00,SELL,1.1789672374725342,1.1769150035244689,0.001740704815907268,0.001655884816825377,1,tp
2025-12-29 13:00:00,2025-12-29 12:00:00,SELL,1.1766090393066406,1.1788039011553204,-0.0018654130432085303,-0.0019504030412956848,0,sl
2025-12-29 23:00:00,2025-12-29 22:00:00,SELL,1.1777175664901731,1.178133845329285,-0.00035346236734201675,-0.00043837236855565184,0,timeout
2025-12-30 08:00:00,2025-12-30 07:00:00,SELL,1.177440166473389,1.1758082823704632,0.0013859592609393179,0.0013010292552817777,1,tp
2025-12-30 23:00:00,2025-12-30 22:00:00,BUY,1.1749500036239624,1.174122333526611,-0.0007044300564266193,-0.0007895400608451601,0,timeout
2025-12-31 08:00:00,2025-12-31 07:00:00,BUY,1.1739845275878906,1.172557349486265,-0.0012156702819225984,-0.0013008502801679445,0,sl
2025-12-31 10:00:00,2025-12-31 09:00:00,BUY,1.17384672164917,1.1756082775405972,0.0015006694306325397,0.0014154794325214512,1,tp
2025-12-31 14:00:00,2025-12-31 13:00:00,SELL,1.1745359897613523,1.172553271546613,0.001688086386473553,0.0016029463815084276,1,tp
2025-12-31 23:00:00,2025-12-31 22:00:00,SELL,1.1749500036239624,1.175364375114441,-0.0003526715938555469,-0.00043778159827408776,0,timeout
2026-01-02 01:00:00,2026-01-02 00:00:00,BUY,1.1761938333511353,1.174795962823644,-0.0011884695259016809,-0.001273489526146952,0,sl
2026-01-02 08:00:00,2026-01-02 07:00:00,BUY,1.1737089157104492,1.1722282932881058,-0.0012614903086487494,-0.0013466903089737617,0,sl
2026-01-02 12:00:00,2026-01-02 11:00:00,BUY,1.1724703311920166,1.1741433662620897,0.0014269316890707096,0.0013416416844201588,1,tp
2026-01-05 02:00:00,2026-01-05 01:00:00,BUY,1.1704120635986328,1.1684878852110958,-0.001644017903934425,-0.0017294578981980973,0,sl
2026-01-05 05:00:00,2026-01-05 04:00:00,BUY,1.1683608293533323,1.1674060821533203,-0.0008171681008344311,-0.0009027580979377646,0,timeout
2026-01-06 01:00:00,2026-01-06 00:00:00,BUY,1.172195553779602,1.1740971484104343,0.0016222503358769291,0.0015369403381742743,1,tp
2026-01-06 05:00:00,2026-01-06 04:00:00,BUY,1.1737089157104492,1.1718546271034416,-0.0015798538991971256,-0.0016650538995221379,0,sl
2026-01-06 11:00:00,2026-01-06 10:00:00,BUY,1.1713716983795166,1.1692526650724735,-0.0018090187000203706,-0.0018943886984063147,0,sl
2026-01-07 06:00:00,2026-01-07 05:00:00,SELL,1.169727444648743,1.1679419808313374,0.0015263930290544403,0.001440903028407299,1,tp
2026-01-07 10:00:00,2026-01-07 09:00:00,SELL,1.1689070463180542,1.1690436601638794,-0.00011687314765995716,-0.00020242314953135528,0,timeout
2026-01-08 00:00:00,2026-01-07 23:00:00,BUY,1.1680878400802612,1.1682243347167969,0.00011685305835062998,3.124305834144502e-05,1,timeout
2026-01-08 09:00:00,2026-01-08 08:00:00,BUY,1.1672697067260742,1.1658456374864012,-0.0012200001691701212,-0.001305670172789488,0,sl
2026-01-09 00:00:00,2026-01-08 23:00:00,BUY,1.16604483127594,1.1653653383255005,-0.0005827331267322933,-0.0006684931226756529,0,timeout
2026-01-09 09:00:00,2026-01-09 08:00:00,BUY,1.1653653383255005,1.1638267981017467,-0.0013202213702052656,-0.0014060313704783894,0,sl
2026-01-12 02:00:00,2026-01-12 01:00:00,SELL,1.1659088134765625,1.168095297579084,-0.0018753474347634747,-0.001961117435679597,0,sl
2026-01-12 09:00:00,2026-01-12 08:00:00,SELL,1.1690436601638794,1.1675423383712769,0.0012842307295795052,0.0011986907250376888,1,timeout
2026-01-13 02:00:00,2026-01-13 01:00:00,BUY,1.1661807298660278,1.1674060821533203,0.0010507396117180878,0.0009649896096480929,1,timeout
2026-01-13 11:00:00,2026-01-13 10:00:00,SELL,1.166997313499451,1.1653226160224166,0.0014350482710302481,0.001349358270853528,1,tp
2026-01-14 01:00:00,2026-01-14 00:00:00,BUY,1.164686679840088,1.164958119392395,0.00023305800350037487,0.00014719800206743148,1,timeout
2026-01-14 10:00:00,2026-01-14 09:00:00,BUY,1.1655012369155884,1.164958119392395,-0.0004659948063466812,-0.0005517948010894089,0,timeout
2026-01-15 01:00:00,2026-01-15 00:00:00,BUY,1.1641442775726318,1.1634671688079834,-0.0005816364669680718,-0.0006675364726001151,0,timeout
2026-01-15 10:00:00,2026-01-15 09:00:00,BUY,1.164008855819702,1.1625066466332128,-0.001290547901743655,-0.0013764579010533933,0,sl
2026-01-16 06:00:00,2026-01-16 05:00:00,SELL,1.161035656929016,1.1625371315600144,-0.0012932200850488407,-0.0013793500840744554,0,sl
2026-01-16 13:00:00,2026-01-16 12:00:00,SELL,1.16225004196167,1.1607450529614565,0.0012948926185223364,0.0012088526130247087,1,tp
2026-01-19 02:00:00,2026-01-19 01:00:00,SELL,1.162520408630371,1.1626555919647217,-0.00011628469775404326,-0.00020230469297960278,0,timeout
2026-01-19 11:00:00,2026-01-19 10:00:00,SELL,1.1627906560897827,1.1649034586511517,-0.001817010267758823,-0.0019030102708344227,0,sl
2026-01-19 21:00:00,2026-01-19 20:00:00,BUY,1.164822340011597,1.1665818662676641,0.0015105533227064427,0.001424703320895004,1,tp
2026-01-20 06:00:00,2026-01-20 05:00:00,SELL,1.1665889024734497,1.1683215606862865,-0.0014852346093496838,-0.0015709546087324792,0,sl
2026-01-20 09:00:00,2026-01-20 08:00:00,SELL,1.172195553779602,1.1745349463076873,-0.0019957357119655406,-0.0020810457096681954,0,sl
2026-01-21 04:00:00,2026-01-21 03:00:00,SELL,1.172195553779602,1.1716461181640625,0.00046872351099436216,0.0003834135132917074,1,timeout
2026-01-21 13:00:00,2026-01-21 12:00:00,SELL,1.1737089157104492,1.1711653444303618,0.002167122738901406,0.0020819227385763936,1,tp
2026-01-22 00:00:00,2026-01-21 23:00:00,BUY,1.1676785945892334,1.1694538593292236,0.0015203368017675523,0.0014346967973490608,1,timeout
2026-01-22 09:00:00,2026-01-22 08:00:00,SELL,1.169180393218994,1.171422660513277,-0.001917811235364164,-0.002003341236192077,0,sl
2026-01-22 22:00:00,2026-01-22 21:00:00,SELL,1.1752262115478516,1.175364375114441,-0.00011756338076174266,-0.00020265338217372047,0,timeout
2026-01-23 07:00:00,2026-01-23 06:00:00,BUY,1.1746740341186523,1.1749500036239624,0.00023493283863817993,0.00014980283908470454,1,timeout
2026-01-26 05:00:00,2026-01-26 04:00:00,SELL,1.186380386352539,1.1845533847808838,0.00153997958215768,0.001455689584488851,1,timeout
2026-01-27 03:00:00,2026-01-27 02:00:00,SELL,1.1896264553070068,1.1867522878166488,0.0024160251964271406,0.0023319651962868506,1,tp
2026-01-27 09:00:00,2026-01-27 08:00:00,SELL,1.1862396001815796,1.1889156895068351,-0.002255943339647404,-0.00234024334108446,0,sl
2026-01-27 11:00:00,2026-01-27 10:00:00,SELL,1.189202070236206,1.1921244800519648,-0.0024574543628050893,-0.0025415443610508352,0,sl
2026-01-28 02:00:00,2026-01-28 01:00:00,SELL,1.2000479698181152,1.199184536933899,0.0007194986416644289,0.0006361686394353043,1,timeout
2026-01-28 11:00:00,2026-01-28 10:00:00,SELL,1.199040770530701,1.1945617642660977,0.0037354912148823693,0.0036520912151010946,1,tp
2026-01-29 00:00:00,2026-01-28 23:00:00,SELL,1.198178768157959,1.1977481842041016,0.0003593653679236919,0.0002759053679157325,1,timeout
2026-01-29 09:00:00,2026-01-29 08:00:00,SELL,1.1971746683120728,1.1931652945515117,0.0033490299007195024,0.003265499900756345,1,tp
2026-01-30 00:00:00,2026-01-29 23:00:00,SELL,1.1970313787460327,1.1931471029305654,0.0032449239714470446,0.003161383972600267,1,tp
2026-01-30 06:00:00,2026-01-30 05:00:00,SELL,1.1928904056549072,1.1916110515594482,0.0010724825092013335,0.000988652511469816,1,timeout
2026-02-03 08:00:00,2026-02-03 07:00:00,BUY,1.1818934679031372,1.1817537546157837,-0.00011821140495971161,-0.0002028213996129654,0,timeout
2026-02-03 22:00:00,2026-02-03 21:00:00,SELL,1.1824523210525513,1.183712124824524,-0.0010654161267587003,-0.0011499861328550017,0,timeout
2026-02-04 07:00:00,2026-02-04 06:00:00,SELL,1.18343186378479,1.1810746210660426,0.0019918702469348126,0.0019073702405887057,1,tp
2026-02-04 12:00:00,2026-02-04 11:00:00,SELL,1.1814744472503662,1.1811953783035278,0.00023620396318169146,0.00015156396082469675,1,timeout
2026-02-05 06:00:00,2026-02-05 05:00:00,SELL,1.1793843507766724,1.1814337466081066,-0.0017376827410713336,-0.0018224727418324476,0,sl
2026-02-05 15:00:00,2026-02-05 14:00:00,SELL,1.1814744472503662,1.178916267136975,0.0021652437082704257,0.002080603705913431,1,tp
2026-02-06 03:00:00,2026-02-06 02:00:00,SELL,1.1791062355041504,1.179662585258484,-0.0004718402274379585,-0.0005566502275795005,0,timeout
2026-02-06 12:00:00,2026-02-06 11:00:00,SELL,1.1793843507766724,1.1812759829434334,-0.0016039149285942411,-0.0016887049293553551,0,sl
2026-02-06 15:00:00,2026-02-06 14:00:00,SELL,1.1823126077651978,1.1820330619812012,0.00023643982324184076,0.00015185982355037206,1,timeout
2026-02-09 01:00:00,2026-02-09 00:00:00,BUY,1.18343186378479,1.185303583947749,0.0015816036564817448,0.0014971036501356379,1,tp
2026-02-09 08:00:00,2026-02-09 07:00:00,SELL,1.1859582662582395,1.188007689691429,-0.001728073821396281,-0.0018123938205438946,0,sl
2026-02-09 14:00:00,2026-02-09 13:00:00,BUY,1.190617918968201,1.1917530298233032,0.0009533796165994701,0.0008693896157714456,1,timeout
2026-02-10 07:00:00,2026-02-10 06:00:00,SELL,1.190901517868042,1.1929843050937357,-0.0017489164254507195,-0.0018328864250683372,0,sl
2026-02-11 03:00:00,2026-02-11 02:00:00,SELL,1.1911852359771729,1.1927480697631836,-0.0013119989560050893,-0.0013959489555347311,0,timeout
2026-02-11 12:00:00,2026-02-11 11:00:00,BUY,1.1911852359771729,1.1889643767331772,-0.0018644113248883487,-0.0019483613244179905,0,sl
2026-02-12 06:00:00,2026-02-12 05:00:00,SELL,1.1868027448654177,1.1887779235839844,-0.0016642856002078155,-0.001748545600812499,0,timeout
2026-02-12 15:00:00,2026-02-12 14:00:00,SELL,1.1886366605758667,1.186291849894588,0.001972689181690468,0.0018885591835869665,1,tp
2026-02-13 01:00:00,2026-02-13 00:00:00,SELL,1.1876484155654907,1.1854385326326082,0.001860721492926265,0.0017765214900555622,1,tp
2026-02-13 09:00:00,2026-02-13 08:00:00,BUY,1.186521053314209,1.1873664855957031,0.0007125303669350824,0.0006282503621929175,1,timeout
2026-02-16 04:00:00,2026-02-16 03:00:00,BUY,1.1870845556259155,1.186521053314209,-0.00047469433330249444,-0.0005589343308039976,0,timeout
2026-02-16 13:00:00,2026-02-16 12:00:00,BUY,1.1859582662582395,1.1858175992965698,-0.00011861038088090137,-0.00020293038002851493,0,timeout
2026-02-16 22:00:00,2026-02-16 21:00:00,SELL,1.184834122657776,1.1845533847808838,0.00023694276821006888,0.00015254276816982384,1,timeout
2026-02-17 07:00:00,2026-02-17 06:00:00,SELL,1.1845533847808838,1.1833297803838858,0.0010329668655872926,0.0009485468628379038,1,tp
2026-02-17 09:00:00,2026-02-17 08:00:00,SELL,1.1845533847808838,1.1830934364819647,0.0012324883940870723,0.0011480683913376835,1,tp
2026-02-17 15:00:00,2026-02-17 14:00:00,BUY,1.1824523210525513,1.1841349900583649,0.0014230332807971813,0.00133846327470088,1,tp
2026-02-18 05:00:00,2026-02-18 04:00:00,SELL,1.1845533847808838,1.184413194656372,0.00011834850696712529,3.39285042177365e-05,1,timeout
2026-02-18 14:00:00,2026-02-18 13:00:00,BUY,1.1828720569610596,1.1809886698206047,-0.0015922154297004498,-0.0016767554265762843,0,sl
2026-02-19 06:00:00,2026-02-19 05:00:00,SELL,1.179523468017578,1.1778777862940275,0.001395208970548345,0.0013104289702249349,1,tp
2026-02-20 02:00:00,2026-02-20 01:00:00,SELL,1.1761938333511353,1.177024483680725,-0.0007062189122546414,-0.0007912389124999126,0,timeout
2026-02-20 11:00:00,2026-02-20 10:00:00,SELL,1.176747441291809,1.1786756169927632,-0.0016385637506357575,-0.0017235437527084385,0,sl
2026-02-23 08:00:00,2026-02-23 07:00:00,BUY,1.182732105255127,1.1802008836974243,-0.0021401478377528482,-0.0022246978381761724,0,sl
2026-02-23 12:00:00,2026-02-23 11:00:00,SELL,1.1789672374725342,1.179523468017578,-0.00047179474319936077,-0.0005566147422812519,0,timeout
2026-02-24 07:00:00,2026-02-24 06:00:00,SELL,1.178272724151611,1.1778563261032104,0.0003533970021248889,0.00026852700730089536,1,timeout
2026-02-25 03:00:00,2026-02-25 02:00:00,BUY,1.179662585258484,1.1784114837646484,-0.0010605587644042513,-0.0011453287666486544,0,timeout
2026-02-25 12:00:00,2026-02-25 11:00:00,BUY,1.1778563261032104,1.17960620501715,0.0014856471669417726,0.0014007471687129246,1,tp
2026-02-26 00:00:00,2026-02-25 23:00:00,BUY,1.1818934679031372,1.1820330619812012,0.00011811054198607174,3.350054733281796e-05,1,timeout
2026-02-26 09:00:00,2026-02-26 08:00:00,BUY,1.1806375980377195,1.1788196870165926,-0.0015397705647764992,-0.001624470560919435,0,sl
2026-02-27 04:00:00,2026-02-27 03:00:00,SELL,1.1807769536972046,1.18035888671875,0.00035406092331458083,0.00026937092349125797,1,timeout
2026-02-27 13:00:00,2026-02-27 12:00:00,SELL,1.1806375980377195,1.1827724580594405,-0.0018082263560548206,-0.0018929263521977565,0,sl
2026-03-02 06:00:00,2026-03-02 05:00:00,BUY,1.177024483680725,1.1742358874099832,-0.0023691913884591465,-0.0024541513883457127,0,sl
2026-03-02 08:00:00,2026-03-02 07:00:00,BUY,1.172195553779602,1.1689220760996537,-0.002792603733560828,-0.0028779137312634827,0,sl
2026-03-04 07:00:00,2026-03-04 06:00:00,SELL,1.1615750789642334,1.1653665924289287,-0.0032641139891500526,-0.0033502039904000527,0,sl
2026-03-04 13:00:00,2026-03-04 12:00:00,SELL,1.163602590560913,1.1645511388778689,-0.0008151823695223825,-0.0009011223638221504,0,timeout
2026-03-05 01:00:00,2026-03-05 00:00:00,SELL,1.164822340011597,1.1617211943724228,0.002662333587406307,0.0025764835855948682,1,tp
2026-03-05 06:00:00,2026-03-05 05:00:00,SELL,1.159823656082153,1.162837635267412,-0.0025986529671586656,-0.0026848729709287185,0,sl
2026-03-05 11:00:00,2026-03-05 10:00:00,SELL,1.161440134048462,1.1577722854938863,0.0031580177462875447,0.0030719177424488385,1,tp
2026-03-06 01:00:00,2026-03-06 00:00:00,SELL,1.161440134048462,1.1606314182281494,0.0006963043523332546,0.0006102043484945484,1,timeout
2026-03-06 10:00:00,2026-03-06 09:00:00,BUY,1.157809495925903,1.1609039764501927,0.0026727026641071294,0.002586332669430216,1,tp
2026-03-06 18:00:00,2026-03-06 17:00:00,SELL,1.1599582433700562,1.1562538500719757,0.003193557457135676,0.003107347457274416,1,tp
2026-03-09 06:00:00,2026-03-09 05:00:00,SELL,1.1568717956542969,1.152371390067605,0.0038901506663031604,0.0038037106645884998,1,tp
2026-03-09 10:00:00,2026-03-09 09:00:00,SELL,1.1556684970855713,1.1582117080688477,-0.0022006405726988643,-0.002287170576979664,0,timeout
2026-03-10 02:00:00,2026-03-10 01:00:00,SELL,1.162520408630371,1.1655012369155884,-0.002564108348626082,-0.0026501283438516415,0,timeout
2026-03-10 11:00:00,2026-03-10 10:00:00,SELL,1.1642799377441406,1.1627906560897827,0.0012791439636445912,0.001193253966953799,1,timeout
2026-03-11 02:00:00,2026-03-11 01:00:00,SELL,1.163061261177063,1.159707101237271,0.0028839065075535464,0.002797926513775062,1,tp
2026-03-11 12:00:00,2026-03-11 11:00:00,BUY,1.159823656082153,1.1567615019263655,-0.0026401894285649208,-0.0027264094323349738,0,sl
2026-03-12 08:00:00,2026-03-12 07:00:00,SELL,1.1556684970855713,1.1530748305460663,0.0022442997676633825,0.0021577697633825828,1,tp
2026-03-13 07:00:00,2026-03-13 06:00:00,BUY,1.1481056213378906,1.1458009035149355,-0.0020074092314515957,-0.0020945092317838556,0,sl
2026-03-13 10:00:00,2026-03-13 09:00:00,BUY,1.1458691358566284,1.1486102252019192,0.0023921486839260098,0.0023048786834776232,1,tp
2026-03-16 09:00:00,2026-03-16 08:00:00,SELL,1.144688606262207,1.147566564895449,-0.002514184746399639,-0.0026015447493322563,0,sl
2026-03-16 12:00:00,2026-03-16 11:00:00,SELL,1.1482374668121338,1.151260456294752,-0.0026327215144885674,-0.0027198115136310196,0,sl
2026-03-17 06:00:00,2026-03-17 05:00:00,SELL,1.1482374668121338,1.1508969268075964,-0.002316123687242211,-0.002403213686384663,0,sl
2026-03-17 10:00:00,2026-03-17 09:00:00,SELL,1.151410460472107,1.1543748223409493,-0.0025745483219137277,-0.0026613983232234234,0,sl
2026-03-18 02:00:00,2026-03-18 01:00:00,SELL,1.1538017988204956,1.1542012691497805,-0.0003462209278000117,-0.0004328909261500122,0,timeout
2026-03-18 11:00:00,2026-03-18 10:00:00,SELL,1.1544678211212158,1.1522722683224622,0.0019017877835878494,0.0018151677858967226,1,tp
2026-03-18 14:00:00,2026-03-18 13:00:00,SELL,1.1518083810806274,1.148937168647736,0.002492786543363712,0.0024059665465286655,1,tp
2026-03-19 01:00:00,2026-03-19 00:00:00,SELL,1.1478420495986938,1.1454753875732422,0.0020618359697478494,0.001974715969191186,1,timeout
2026-03-19 10:00:00,2026-03-19 09:00:00,SELL,1.1479737758636477,1.151192029280313,-0.0028034206741736067,-0.00289053067799296,0,sl
2026-03-19 15:00:00,2026-03-19 14:00:00,BUY,1.1518083810806274,1.1555828296541604,0.003276976132081666,0.0031901561352466194,1,tp
2026-03-20 08:00:00,2026-03-20 07:00:00,SELL,1.1576753854751587,1.1545739542442433,0.0026790163026939595,0.0025926363025189055,1,tp
2026-03-20 12:00:00,2026-03-20 11:00:00,SELL,1.1575413942337036,1.154174019025354,0.0029090754120104645,0.0028226854129157018,1,tp
2026-03-20 16:00:00,2026-03-20 15:00:00,SELL,1.1547343730926514,1.1556684970855713,-0.0008089514044846702,-0.0008955514073339631,0,timeout
2026-03-23 04:00:00,2026-03-23 03:00:00,SELL,1.1552680730819702,1.152034409657061,0.0027990589372756114,0.0027124989410894237,1,tp
2026-03-23 11:00:00,2026-03-23 10:00:00,BUY,1.1492931842803955,1.1526060845565729,0.0028825545313329037,0.0027955445313017865,1,tp
2026-03-23 13:00:00,2026-03-23 12:00:00,BUY,1.161440134048462,1.1617100238800049,0.00023237515531882025,0.00014627515148011406,1,timeout
2026-03-24 02:00:00,2026-03-24 01:00:00,BUY,1.1587486267089844,1.159823656082153,0.000927750288880036,0.000841450294476578,1,timeout
2026-03-24 11:00:00,2026-03-24 10:00:00,SELL,1.1595547199249268,1.1586142778396606,0.0008110372620681039,0.0007247972612456551,1,timeout
2026-03-25 02:00:00,2026-03-25 01:00:00,SELL,1.161440134048462,1.1603620052337646,0.0009282689508405273,0.0008421689470018211,1,timeout
2026-03-25 11:00:00,2026-03-25 10:00:00,SELL,1.1609008312225342,1.1578833324912814,0.002599273469444441,0.0025131334673783806,1,tp
2026-03-25 15:00:00,2026-03-25 14:00:00,SELL,1.159151554107666,1.156336784362793,0.0024283017478589075,0.002342031751803921,1,timeout
2026-03-26 02:00:00,2026-03-26 01:00:00,SELL,1.156738042831421,1.156336784362793,0.00034688793293746745,0.0002604379362249675,1,timeout
2026-03-26 11:00:00,2026-03-26 10:00:00,SELL,1.156203031539917,1.1537984375052022,0.0020797333765093517,0.0019932433766805045,1,tp
2026-03-26 13:00:00,2026-03-26 12:00:00,BUY,1.1539349555969238,1.1528706550598145,-0.0009223228154647822,-0.0010089828126465736,0,timeout
2026-03-27 01:00:00,2026-03-27 00:00:00,SELL,1.1535356044769287,1.1524720191955566,0.0009220220661106948,0.0008353320674562146,1,timeout
2026-03-27 10:00:00,2026-03-27 09:00:00,SELL,1.152339220046997,1.1546366195360587,-0.001993683326137141,-0.0020804633282930354,0,sl
2026-03-30 03:00:00,2026-03-30 02:00:00,SELL,1.151410460472107,1.1489744011590353,0.002115717545307705,0.002028867543998009,1,tp
2026-03-30 11:00:00,2026-03-30 10:00:00,BUY,1.1492931842803955,1.1470773675021941,-0.0019279821794024876,-0.002014992179433605,0,sl
2026-03-31 02:00:00,2026-03-31 01:00:00,SELL,1.1478420495986938,1.1470520496368408,0.0006882479711639578,0.0006011279706072942,1,timeout
2026-03-31 11:00:00,2026-03-31 10:00:00,BUY,1.1462632417678833,1.1484091947840096,0.0018721293136962913,0.0017848893182430916,1,tp
2026-03-31 13:00:00,2026-03-31 12:00:00,SELL,1.1507480144500732,1.1533376461449574,-0.0022503898875911865,-0.0023372898854571735,0,sl
2026-03-31 15:00:00,2026-03-31 14:00:00,BUY,1.1524720191955566,1.1554895526723084,0.0026183138735620393,0.002531543871050567,1,tp
2026-04-01 08:00:00,2026-04-01 07:00:00,BUY,1.1584800481796265,1.161491532187634,0.002599513053970659,0.0025131930520361115,1,tp
2026-04-02 02:00:00,2026-04-02 01:00:00,SELL,1.1555349826812744,1.1520304175214497,0.0030328507681288697,0.0029463107658799005,1,tp
2026-04-02 08:00:00,2026-04-02 07:00:00,BUY,1.1536686420440674,1.1548677682876587,0.001039402649851695,0.0009527226480248098,1,timeout
2026-04-03 04:00:00,2026-04-03 03:00:00,BUY,1.1539349555969238,1.1547343730926514,0.0006927751792682457,0.0006061151820864544,1,timeout
2026-04-03 13:00:00,2026-04-03 12:00:00,BUY,1.1532695293426514,1.1522064208984375,-0.0009218213237800477,-0.0010085313230089345,0,timeout
2026-04-05 23:00:00,2026-04-03 21:00:00,BUY,1.1518083810806274,1.1533807864091017,0.0013651622564154753,0.0012783422595804288,1,tp
2026-04-06 08:00:00,2026-04-06 07:00:00,BUY,1.1570056676864624,1.1547920295959901,-0.001913247404309315,-0.0019996774044319238,0,sl
2026-04-06 12:00:00,2026-04-06 11:00:00,BUY,1.1548677682876587,1.1570387211630255,0.0018798280937268874,0.0017932380937754023,1,tp
2026-04-07 04:00:00,2026-04-07 03:00:00,BUY,1.1538017988204956,1.155556686225047,0.0015209608845689893,0.0014342908862189888,1,tp
2026-04-07 10:00:00,2026-04-07 09:00:00,BUY,1.1566041707992554,1.158077597618103,0.0012739248707960282,0.0011874648678627028,1,timeout
2026-04-09 03:00:00,2026-04-09 02:00:00,SELL,1.1668611764907837,1.1678149700164795,-0.0008174010284276445,-0.0009031010260063966,0,timeout
2026-04-09 12:00:00,2026-04-09 11:00:00,SELL,1.169180393218994,1.1716293040293098,-0.0020945534363379092,-0.002180083437165822,0,sl
2026-04-10 06:00:00,2026-04-10 05:00:00,BUY,1.1693171262741089,1.1712553937788452,0.0016576063594591073,0.0015720863600055474,1,tp
2026-04-10 11:00:00,2026-04-10 10:00:00,SELL,1.1716461181640625,1.1738119164869492,-0.0018485089390987142,-0.0019338589423545584,0,sl
2026-04-10 15:00:00,2026-04-10 14:00:00,BUY,1.1731581687927246,1.1708478893526213,-0.0019692821492951484,-0.0020545221473279016,0,sl
2026-04-13 02:00:00,2026-04-13 01:00:00,SELL,1.1690436601638794,1.1690436601638794,-0.0,-8.554000454181648e-05,0,timeout
2026-04-13 11:00:00,2026-04-13 10:00:00,SELL,1.169864296913147,1.172134443586758,-0.0019405213746594985,-0.002026001374573902,0,sl
2026-04-13 18:00:00,2026-04-13 17:00:00,BUY,1.1737089157104492,1.1762895038460097,0.0021986610998847578,0.0021134610995597455,1,tp
2026-04-13 20:00:00,2026-04-13 19:00:00,BUY,1.1764705181121826,1.177163004875183,0.0005886137836346172,0.0005036137785682221,1,timeout
2026-04-14 06:00:00,2026-04-14 05:00:00,BUY,1.176885962486267,1.1788767051288247,0.0016915340194489925,0.0016065640196465123,1,tp
2026-04-14 09:00:00,2026-04-14 08:00:00,BUY,1.1786893606185913,1.1808440240655926,0.001828016370547747,0.0017431763750908281,1,tp
2026-04-15 06:00:00,2026-04-15 05:00:00,SELL,1.179662585258484,1.177862935688163,0.001525562981152695,0.0014407929789082919,1,tp
2026-04-15 12:00:00,2026-04-15 11:00:00,SELL,1.1786893606185913,1.1806582896682039,-0.0016704393162412234,-0.0017552793116981423,0,sl
2026-04-15 17:00:00,2026-04-15 16:00:00,SELL,1.180498123168945,1.1810559034347534,-0.00047249568200169456,-0.0005572056853785391,0,timeout
2026-04-16 02:00:00,2026-04-16 01:00:00,SELL,1.1806375980377195,1.1823259661597596,-0.0014300477342465978,-0.0015147477303895337,0,sl
2026-04-16 05:00:00,2026-04-16 04:00:00,SELL,1.1813349723815918,1.179585976296408,0.0014805251059805125,0.0013958751105618563,1,tp
2026-04-16 09:00:00,2026-04-16 08:00:00,BUY,1.178828239440918,1.1778563261032104,-0.0008244740880728463,-0.0009093040884530772,0,timeout
2026-04-17 04:00:00,2026-04-17 03:00:00,SELL,1.1786893606185913,1.1798018217086792,-0.0009438119382905175,-0.0010286519337474364,0,timeout
2026-04-17 13:00:00,2026-04-17 12:00:00,BUY,1.1839923858642578,1.182006326304007,-0.0016774259564186211,-0.0017618859590283547,0,sl
2026-04-17 16:00:00,2026-04-17 15:00:00,SELL,1.18035888671875,1.1779590204562735,0.0020331665982943337,0.0019484466024310523,1,tp
2026-04-17 21:00:00,2026-04-17 20:00:00,SELL,1.176747441291809,1.1742681639456065,0.0021068899401904817,0.0020219099381178006,1,tp
2026-04-20 02:00:00,2026-04-20 01:00:00,SELL,1.1760554313659668,1.177163004875183,-0.0009417698177116574,-0.0010267998233839681,0,timeout
2026-04-20 13:00:00,2026-04-20 12:00:00,BUY,1.1766090393066406,1.1787685416578157,0.0018353610069556936,0.001750371008868539,1,tp
2026-04-20 22:00:00,2026-04-20 21:00:00,BUY,1.1792453527450562,1.178272724151611,-0.0008247889984733803,-0.0009095889934593425,0,timeout
2026-04-21 07:00:00,2026-04-21 06:00:00,SELL,1.1778563261032104,1.1762660730382035,0.0013501248240250785,0.0012652248257962306,1,tp
2026-04-21 10:00:00,2026-04-21 09:00:00,BUY,1.1761938333511353,1.1745013499462327,-0.0014389493949993337,-0.0015239693952446049,0,sl
2026-04-22 02:00:00,2026-04-22 01:00:00,SELL,1.1749500036239624,1.1750881671905518,-0.00011759101762898183,-0.00020270102204752267,0,timeout
2026-04-22 11:00:00,2026-04-22 10:00:00,SELL,1.175364375114441,1.1731197567462883,0.0019097212878635972,0.0018246412887439512,1,tp
2026-04-22 16:00:00,2026-04-22 15:00:00,BUY,1.171783447265625,1.1709601879119873,-0.0007025695366825735,-0.0007879095372034476,0,timeout
2026-04-23 06:00:00,2026-04-23 05:00:00,SELL,1.1709601879119873,1.169121682485201,0.0015700836337267932,0.0014846836337675151,1,tp
2026-04-23 12:00:00,2026-04-23 11:00:00,BUY,1.1694538593292236,1.1715082323354065,0.0017566943661728729,0.001671184365754936,1,tp
2026-04-24 03:00:00,2026-04-24 02:00:00,BUY,1.1683608293533323,1.1703994774829536,0.0017448788750900057,0.0016592888779866722,1,tp
2026-04-24 12:00:00,2026-04-24 11:00:00,BUY,1.1719207763671875,1.172195553779602,0.00023446756637102162,0.00014913756624081837,1,timeout
2026-04-24 21:00:00,2026-04-24 20:00:00,SELL,1.1726078987121582,1.1726078987121582,-0.0,-8.527999863366702e-05,0,timeout
2026-04-27 07:00:00,2026-04-27 06:00:00,BUY,1.1732958555221558,1.175103829648557,0.0015409362590790288,0.001455706263993521,1,tp
2026-04-27 10:00:00,2026-04-27 09:00:00,BUY,1.1745359897613523,1.1726354638390877,-0.0016181078645796099,-0.0017032478695447352,0,sl
2026-04-28 04:00:00,2026-04-28 03:00:00,SELL,1.1716461181640625,1.1701149539336229,0.0013068487205325496,0.0012214987172767054,1,tp
2026-04-28 08:00:00,2026-04-28 07:00:00,BUY,1.1701380014419556,1.1684182649291617,-0.0014696869178461025,-0.0015551469233127829,0,sl
2026-04-28 14:00:00,2026-04-28 13:00:00,BUY,1.1700011491775513,1.171783447265625,0.0015233302029886708,0.0014378602014674803,1,timeout
2026-04-29 06:00:00,2026-04-29 05:00:00,SELL,1.170548915863037,1.1689348250018026,0.0013789179071124202,0.0012934879018859657,1,tp
2026-04-30 06:00:00,2026-04-30 05:00:00,BUY,1.1661807298660278,1.1681874675286634,0.0017207775872494224,0.0016350275851794275,1,tp
2026-04-30 09:00:00,2026-04-30 08:00:00,BUY,1.1684973239898682,1.1707106260071984,0.0018941438477351191,0.001808563848579839,1,tp
2026-04-30 12:00:00,2026-04-30 11:00:00,BUY,1.170823097229004,1.1733890770584587,0.0021916033562436876,0.002106193356870878,1,tp
2026-05-01 02:00:00,2026-05-01 01:00:00,SELL,1.1735711097717283,1.1737089157104492,-0.0001174244471200403,-0.00020263445200798528,0,timeout
2026-05-01 11:00:00,2026-05-01 10:00:00,BUY,1.1749500036239624,1.1771289173819046,0.0018544735956607106,0.0017693635912421697,1,tp
2026-05-01 14:00:00,2026-05-01 13:00:00,BUY,1.176747441291809,1.1743360339344735,-0.002049214022244561,-0.002134194024317242,0,sl
2026-05-04 06:00:00,2026-05-04 05:00:00,BUY,1.1735711097717283,1.1713783575236014,-0.001868444297809413,-0.001953654302697358,0,sl
2026-05-04 12:00:00,2026-05-04 11:00:00,BUY,1.1695905923843384,1.1720026428541979,0.0020623032414635034,0.001976803237743279,1,tp
2026-05-05 05:00:00,2026-05-05 04:00:00,BUY,1.1679514646530151,1.1698933454538685,0.001662638268474792,0.0015770182722451467,1,tp
2026-05-05 23:00:00,2026-05-05 22:00:00,BUY,1.1709601879119873,1.172849867971089,0.0016137867697032515,0.0015283867697439735,1,tp
2026-05-06 03:00:00,2026-05-06 02:00:00,SELL,1.17205810546875,1.1740103028011668,-0.0016656148046825248,-0.0017509348067655326,0,sl
2026-05-06 06:00:00,2026-05-06 05:00:00,SELL,1.17384672164917,1.175980482404597,-0.0018177507472434407,-0.001902940745354529,0,sl
2026-05-06 10:00:00,2026-05-06 09:00:00,BUY,1.177994966506958,1.1754574630696133,-0.0021540868250643497,-0.0022389768312555684,0,sl
2026-05-06 15:00:00,2026-05-06 14:00:00,SELL,1.1757789850234983,1.175364375114441,0.0003526257182161485,0.0002675757204922978,1,timeout
2026-05-07 02:00:00,2026-05-07 01:00:00,SELL,1.1761938333511353,1.1773016452789309,-0.0009418617037288968,-0.001026881703974168,0,timeout
2026-05-07 11:00:00,2026-05-07 10:00:00,BUY,1.177024483680725,1.1749774225385585,-0.0017391831440626282,-0.0018241431439491944,0,sl
2026-05-08 05:00:00,2026-05-08 04:00:00,BUY,1.17384672164917,1.175795439555662,0.0016601127477311461,0.0015749227496200577,1,tp
2026-05-08 10:00:00,2026-05-08 09:00:00,BUY,1.1773016452789309,1.1777175664901731,0.00035328347064678134,0.00026834347213322487,1,timeout
2026-05-08 19:00:00,2026-05-08 18:00:00,BUY,1.178272724151611,1.176231365019624,-0.0017325013896565267,-0.0018173713844805203,0,sl
2026-05-11 06:00:00,2026-05-11 05:00:00,SELL,1.1755025386810305,1.1771934145573864,-0.0014384280941266425,-0.0015234980933052106,0,sl
2026-05-11 09:00:00,2026-05-11 08:00:00,BUY,1.177440166473389,1.1777175664901731,0.0002355958499489219,0.0001506658442913817,1,timeout
2026-05-11 22:00:00,2026-05-11 21:00:00,BUY,1.1789672374725342,1.1772491842275776,-0.0014572527465985807,-0.0015420727456804718,0,sl
2026-05-12 02:00:00,2026-05-12 01:00:00,SELL,1.1764705181121826,1.1747704534206973,0.0014450550738944745,0.0013600550688280793,1,tp
2026-05-12 09:00:00,2026-05-12 08:00:00,BUY,1.1749500036239624,1.1732573387622094,-0.0014406271386290248,-0.0015257371430475656,0,sl
2026-05-12 15:00:00,2026-05-12 14:00:00,BUY,1.1739845275878906,1.1742602586746216,0.0002348677348393835,0.0001496877365940374,1,timeout
2026-05-13 05:00:00,2026-05-13 04:00:00,SELL,1.17384672164917,1.1723951910484987,0.0012365588912937042,0.0011513688931826158,1,tp
2026-05-13 08:00:00,2026-05-13 07:00:00,BUY,1.1710972785949707,1.1715089082717896,0.000351490592918724,0.0002661005900318797,1,timeout
2026-05-14 03:00:00,2026-05-14 02:00:00,SELL,1.1716461181640625,1.1712344884872437,0.00035132594256692684,0.0002659759393110826,1,timeout
2026-05-14 12:00:00,2026-05-14 11:00:00,SELL,1.170548915863037,1.1691188294543204,0.001221722893709476,0.0011362928884830214,1,tp
2026-05-14 15:00:00,2026-05-14 14:00:00,BUY,1.1680878400802612,1.1672697067260742,-0.000700403964594698,-0.000786013964603883,0,timeout
2026-05-15 01:00:00,2026-05-15 00:00:00,BUY,1.1659088134765625,1.1643918682631929,-0.0013010839234042226,-0.001386853924320345,0,sl
2026-05-15 07:00:00,2026-05-15 06:00:00,BUY,1.163602590560913,1.1652432691174528,0.0014099990579676813,0.0013240590636679134,1,tp
2026-05-15 12:00:00,2026-05-15 11:00:00,BUY,1.1634671688079834,1.1623852252960205,-0.0009299304191551228,-0.0010158804164399227,0,timeout
2026-05-18 00:00:00,2026-05-17 23:00:00,BUY,1.1618449687957764,1.16379446022604,0.0016779273333551448,0.0015918573303119268,1,tp
2026-05-18 08:00:00,2026-05-18 07:00:00,BUY,1.1637378931045532,1.1655834115714065,0.0015858540636930485,0.0014999240612478882,1,tp
2026-05-19 02:00:00,2026-05-19 01:00:00,BUY,1.164822340011597,1.1626920974952037,-0.0018288132389115974,-0.0019146632407230362,0,sl
2026-05-19 10:00:00,2026-05-19 09:00:00,BUY,1.16225004196167,1.1603408183893593,-0.0016426960665780754,-0.001728736072075703,0,sl
2026-05-20 05:00:00,2026-05-20 04:00:00,BUY,1.160092830657959,1.15968918800354,-0.0003479399611409084,-0.0004341399594145672,0,timeout
2026-05-20 16:00:00,2026-05-20 15:00:00,SELL,1.16225004196167,1.1627906560897827,-0.0004651444255492354,-0.000551184431046863,0,timeout
2026-05-21 02:00:00,2026-05-21 01:00:00,BUY,1.163061261177063,1.16107175028279,-0.0017105813431180783,-0.0017965613368965626,0,sl
2026-05-21 09:00:00,2026-05-21 08:00:00,BUY,1.1626555919647217,1.160405023539757,-0.0019357137578133177,-0.00202172375139277,0,sl
2026-05-21 12:00:00,2026-05-21 11:00:00,SELL,1.1603620052337646,1.1629414879214994,-0.002222998233396334,-0.0023091782354551344,0,sl
2026-05-22 04:00:00,2026-05-22 03:00:00,BUY,1.1615750789642334,1.1599582433700562,-0.0013919337832376533,-0.0014780237844876536,0,timeout
2026-05-22 13:00:00,2026-05-22 12:00:00,BUY,1.1607661247253418,1.160496711730957,-0.0002320992908442232,-0.0003182492894269797,0,timeout
2026-05-24 23:00:00,2026-05-22 21:00:00,BUY,1.164686679840088,1.16441547870636,-0.00023285329730482474,-0.0003187132987377681,0,timeout
2026-05-25 08:00:00,2026-05-25 07:00:00,BUY,1.163873314857483,1.1645511388778689,0.0005823864261971234,0.0004964664220837504,1,timeout
2026-05-25 20:00:00,2026-05-25 19:00:00,SELL,1.1645511388778689,1.164008855819702,0.00046565843273271845,0.0003797884381386147,1,timeout
2026-05-26 05:00:00,2026-05-26 04:00:00,SELL,1.1633317470550537,1.1646446936433696,-0.0011286089214359585,-0.0012145689240346562,0,sl
2026-05-26 11:00:00,2026-05-26 10:00:00,SELL,1.1645511388778689,1.1631559542451133,0.0011980449687249983,0.0011121749741308945,1,tp
2026-05-26 15:00:00,2026-05-26 14:00:00,SELL,1.1627906560897827,1.1637378931045532,-0.0008146238618358392,-0.000900623864911439,0,timeout
2026-05-27 00:00:00,2026-05-26 23:00:00,SELL,1.164008855819702,1.1653958794517536,-0.0011915919927214524,-0.0012775019920311908,0,sl
2026-05-27 08:00:00,2026-05-27 07:00:00,SELL,1.1641442775726318,1.1657371233570792,-0.0013682546185500577,-0.001454154624182101,0,sl
2026-05-27 14:00:00,2026-05-27 13:00:00,BUY,1.16441547870636,1.1631964445114136,-0.0010469065528919685,-0.0011327865517658223,0,timeout
2026-05-28 02:00:00,2026-05-28 01:00:00,BUY,1.161440134048462,1.1593577880864785,-0.0017928999532028644,-0.0018789999570415707,0,sl
2026-05-28 06:00:00,2026-05-28 05:00:00,BUY,1.1602274179458618,1.162396737435712,0.0018697364467483713,0.0017835464477419297,1,tp
2026-05-28 13:00:00,2026-05-28 12:00:00,BUY,1.1641442775726318,1.1653653383255005,0.0010488912554849072,0.0009629912498528639,1,timeout
2026-05-29 02:00:00,2026-05-29 01:00:00,BUY,1.164958119392395,1.1630230134836432,-0.0016610948295386896,-0.0017469348252736065,0,sl
2026-05-29 10:00:00,2026-05-29 09:00:00,BUY,1.16441547870636,1.1664722595114625,0.0017663633322595462,0.0016804833333856925,1,tp
2026-06-01 04:00:00,2026-06-01 03:00:00,SELL,1.164686679840088,1.1663878124054579,-0.0014605924450028507,-0.001546452446435794,0,sl
2026-06-01 08:00:00,2026-06-01 07:00:00,BUY,1.1659088134765625,1.1641223652809598,-0.001532236633734474,-0.0016180066346505964,0,sl
2026-06-02 03:00:00,2026-06-02 02:00:00,SELL,1.1634671688079834,1.1650886003824172,-0.0013936203942008785,-0.0014795703914856784,0,sl
2026-06-02 08:00:00,2026-06-02 07:00:00,SELL,1.165229558944702,1.16441547870636,0.0006986436553146902,0.0006128236559571681,1,timeout
2026-06-02 23:00:00,2026-06-02 22:00:00,SELL,1.163061261177063,1.1619800329208374,0.0009296399874340056,0.0008436599936555212,1,timeout
2026-06-03 08:00:00,2026-06-03 07:00:00,SELL,1.1618449687957764,1.1603740456879248,0.0012660235636912098,0.0011799535606479919,1,tp
2026-06-03 14:00:00,2026-06-03 13:00:00,SELL,1.1609008312225342,1.1602274179458618,0.0005800782104387059,0.0004939382083726457,1,timeout
2026-06-03 23:00:00,2026-06-03 22:00:00,SELL,1.1609008312225342,1.161440134048462,-0.0004645554653963657,-0.0005506954674624259,0,timeout
2026-06-04 08:00:00,2026-06-04 07:00:00,SELL,1.1607661247253418,1.1622936533330568,-0.0013159658738977065,-0.001402115872480463,0,sl
2026-06-04 11:00:00,2026-06-04 10:00:00,SELL,1.163602590560913,1.1619680617875026,0.0014047139346970994,0.0013187739403973315,1,tp
2026-06-04 20:00:00,2026-06-04 19:00:00,SELL,1.1615750789642334,1.1618449687957764,-0.00023234815934891628,-0.00031843816059891653,0,timeout
2026-06-05 05:00:00,2026-06-05 04:00:00,SELL,1.1619800329208374,1.1631110102149786,-0.0009733190434420003,-0.0010593790420364965,0,sl
2026-06-05 09:00:00,2026-06-05 08:00:00,BUY,1.163873314857483,1.162575455361852,-0.001115120932031921,-0.001201040936145294,0,sl
2026-06-05 14:00:00,2026-06-05 13:00:00,BUY,1.1574074029922483,1.1551642259881543,-0.0019381049389305405,-0.0020245049392601305,0,sl
2026-06-08 05:00:00,2026-06-08 04:00:00,BUY,1.1535356044769287,1.151436366482445,-0.001819829389172245,-0.0019065193878267253,0,sl
2026-06-08 10:00:00,2026-06-08 09:00:00,SELL,1.151543140411377,1.1538488624954635,-0.002002288931409746,-0.002089128925927256,0,sl
2026-06-08 13:00:00,2026-06-08 12:00:00,BUY,1.1546010971069336,1.1535356044769287,-0.0009228231574304191,-0.0010094331565466234,0,timeout
2026-06-09 02:00:00,2026-06-09 01:00:00,BUY,1.154334545135498,1.1561683423564437,0.0015886185063711533,0.0015019885077962932,1,tp
2026-06-09 11:00:00,2026-06-09 10:00:00,BUY,1.1568717956542969,1.1550562356816299,-0.0015693700715040393,-0.0016558100732187,0,sl
2026-06-10 05:00:00,2026-06-10 04:00:00,BUY,1.155001163482666,1.155401587486267,0.00034668709977192513,0.00026010710040770736,1,timeout
2026-06-10 14:00:00,2026-06-10 13:00:00,SELL,1.1564704179763794,1.1542229542901397,0.0019433819069686331,0.0018569119044112114,1,tp
2026-06-11 03:00:00,2026-06-11 02:00:00,BUY,1.1551345586776731,1.1530440901232115,-0.0018097186503143181,-0.0018962886514010088,0,sl
2026-06-11 12:00:00,2026-06-11 11:00:00,BUY,1.1542012691497805,1.1522530982213186,-0.0016878953268669727,-0.0017745353286351764,0,sl
2026-06-12 02:00:00,2026-06-12 01:00:00,SELL,1.1566041707992554,1.1588828563690186,-0.001970151610458437,-0.0020566116133917626,0,timeout
2026-06-12 11:00:00,2026-06-12 10:00:00,BUY,1.157809495925903,1.1579434871673584,0.000115728228112566,2.935823343565263e-05,1,timeout
2026-06-14 23:00:00,2026-06-12 21:00:00,BUY,1.161170482635498,1.1609008312225342,-0.0002322237922822712,-0.0003183437905903843,0,timeout
2026-06-15 08:00:00,2026-06-15 07:00:00,SELL,1.1609008312225342,1.1602274179458618,0.0005800782104387059,0.0004939382083726457,1,timeout
2026-06-16 02:00:00,2026-06-16 01:00:00,BUY,1.1590172052383425,1.1607961261077269,0.0015348528575280795,0.0014485728613830389,1,tp
2026-06-16 10:00:00,2026-06-16 09:00:00,BUY,1.160496711730957,1.161440134048462,0.0008129469975814985,0.0007267769990031798,1,timeout
2026-06-17 01:00:00,2026-06-17 00:00:00,SELL,1.1617100238800049,1.160496711730957,0.0010444191098528677,0.0009583391088677602,1,timeout
2026-06-17 10:00:00,2026-06-17 09:00:00,SELL,1.1606314182281494,1.1591369700151055,0.0012876165418004293,0.0012014565443805225,1,tp
2026-06-17 13:00:00,2026-06-17 12:00:00,SELL,1.160496711730957,1.1588671291926924,0.0014042112500551873,0.0013180412514768687,1,tp
2026-06-17 16:00:00,2026-06-17 15:00:00,SELL,1.1595547199249268,1.1578927543928614,0.001433279088521977,0.0013470390876995284,1,tp
2026-06-17 21:00:00,2026-06-17 20:00:00,SELL,1.1508804559707642,1.1526048183441162,-0.001498298423963984,-0.0015851884215142946,0,timeout
2026-06-18 06:00:00,2026-06-18 05:00:00,SELL,1.1516757011413574,1.1493221410268555,0.00204359622432726,0.001956766225308529,1,tp
2026-06-18 10:00:00,2026-06-18 09:00:00,SELL,1.1479737758636477,1.1465259790420532,0.0012611758665873607,0.0011740658627680072,1,timeout
2026-06-19 02:00:00,2026-06-19 01:00:00,BUY,1.1456066370010376,1.1432232750364566,-0.00208043658931667,-0.002167726586397849,0,sl
2026-06-19 06:00:00,2026-06-19 05:00:00,BUY,1.1435105800628662,1.14591656332296,0.0021040323561865026,0.002016582356384575,1,tp
2026-06-19 10:00:00,2026-06-19 09:00:00,BUY,1.1463946104049685,1.1478420495986938,0.001262601185131329,0.001175371186758714,1,timeout
2026-06-22 03:00:00,2026-06-22 02:00:00,SELL,1.1469204425811768,1.1450202140236658,0.0016568093888311708,0.0015696193830667367,1,tp
2026-06-22 09:00:00,2026-06-22 08:00:00,SELL,1.1453442573547363,1.143369270717192,0.0017243607106439685,0.0016370507168513965,1,tp
2026-06-23 03:00:00,2026-06-23 02:00:00,BUY,1.142987847328186,1.141121153685325,-0.0016331701576920432,-0.0017206601517753197,0,sl
2026-06-23 10:00:00,2026-06-23 09:00:00,BUY,1.1415525674819946,1.1395293756886817,-0.0017723159238961506,-0.0018599159195937444,0,sl
2026-06-23 13:00:00,2026-06-23 12:00:00,BUY,1.139211654663086,1.1384334564208984,-0.0006831024235067762,-0.0007708824243439115,0,timeout
2026-06-24 03:00:00,2026-06-24 02:00:00,SELL,1.1371389627456665,1.1354731494807389,0.0014649161795542431,0.0013769761798918042,1,tp
2026-06-24 10:00:00,2026-06-24 09:00:00,SELL,1.1349449157714844,1.1331644142316404,0.0015687999612155057,0.0014806899581568775,1,tp
2026-06-25 05:00:00,2026-06-25 04:00:00,BUY,1.1370097398757937,1.135123274371235,-0.0016591463013895247,-0.0017470962955654092,0,sl
2026-06-25 09:00:00,2026-06-25 08:00:00,SELL,1.1370097398757937,1.1350197157240791,0.001750226125531662,0.0016622761313557775,1,tp
2026-06-25 12:00:00,2026-06-25 11:00:00,BUY,1.1340440511703491,1.1361708889091338,0.0018754454349367844,0.0017872654388450995,1,tp
2026-06-26 02:00:00,2026-06-26 01:00:00,BUY,1.1362345218658447,1.1383278008448525,0.0018422948244614101,0.0017542848246985205,1,tp
2026-06-26 07:00:00,2026-06-26 06:00:00,BUY,1.1377859115600586,1.1397527592049481,0.001728662329974373,0.001640772333285201,1,tp
2026-06-26 10:00:00,2026-06-26 09:00:00,SELL,1.1411616802215576,1.1388792772155167,0.002000069793438697,0.0019124397917192342,1,tp
2026-06-29 03:00:00,2026-06-29 02:00:00,SELL,1.1390818357467651,1.141167931587677,-0.0018313836420227325,-0.0019191736469739058,0,sl
2026-06-29 08:00:00,2026-06-29 07:00:00,BUY,1.1406410932540894,1.1428387700579554,0.0019267031644427668,0.0018390331685155519,1,tp
2026-06-30 02:00:00,2026-06-30 01:00:00,BUY,1.1407711505889893,1.138996131480206,-0.0015559817653758579,-0.001643641766199309,0,sl
2026-06-30 07:00:00,2026-06-30 06:00:00,BUY,1.1406410932540894,1.1387730587015783,-0.0016377058161054503,-0.0017253758120326652,0,sl
2026-06-30 10:00:00,2026-06-30 09:00:00,SELL,1.1399909257888794,1.141951369321401,-0.0017197009977645283,-0.0018074209942467805,0,sl
2026-07-01 03:00:00,2026-07-01 02:00:00,SELL,1.1409013271331787,1.1389766038544613,0.0016870199314727996,0.0015993699326326046,1,tp
2026-07-01 11:00:00,2026-07-01 10:00:00,SELL,1.1401208639144895,1.1381941082251388,0.0016899573986703942,0.001602247399524637,1,tp
2026-07-01 14:00:00,2026-07-01 13:00:00,SELL,1.1401208639144895,1.1377859115600586,0.002047986690125181,0.0019602766909794234,1,timeout
2026-07-02 02:00:00,2026-07-02 01:00:00,SELL,1.1384334564208984,1.1403988319003675,-0.001726385910730377,-0.001814225915287506,0,sl
2026-07-02 09:00:00,2026-07-02 08:00:00,SELL,1.1423349380493164,1.1443736510055684,-0.0017846893133930397,-0.0018722293129756166,0,sl_conflict
2026-07-02 15:00:00,2026-07-02 14:00:00,BUY,1.144688606262207,1.143118381500244,-0.0013717483980996148,-0.0014591084010322321,0,timeout
2026-07-03 04:00:00,2026-07-03 03:00:00,BUY,1.144426703453064,1.145213007926941,0.0006870728125309977,0.0005996928172038429,1,timeout
2026-07-03 13:00:00,2026-07-03 12:00:00,BUY,1.1449507474899292,1.1440337896347046,-0.0008008710044818956,-0.0008882110059791038,0,timeout
2026-07-05 23:00:00,2026-07-03 21:00:00,BUY,1.1440337896347046,1.1425634336682733,-0.0012852382331302037,-0.0013726482387664274,0,sl
2026-07-06 08:00:00,2026-07-06 07:00:00,SELL,1.142987847328186,1.1414914390381177,0.0013092075244425239,0.0012217175303592474,1,tp
2026-07-06 11:00:00,2026-07-06 10:00:00,SELL,1.1423349380493164,1.1439677365349992,-0.001429351787550992,-0.0015168917871335689,0,sl
2026-07-07 00:00:00,2026-07-06 23:00:00,SELL,1.144426703453064,1.1429073619625787,0.0013276005233895383,0.0012402205280623833,1,tp
2026-07-07 08:00:00,2026-07-07 07:00:00,SELL,1.142987847328186,1.1444031074167176,-0.0012382109677191444,-0.0013257009618024209,0,sl
2026-07-07 14:00:00,2026-07-07 13:00:00,SELL,1.1440337896347046,1.1424437084066599,0.001389890091054391,0.0013024800854181673,1,tp
2026-07-07 18:00:00,2026-07-07 17:00:00,BUY,1.143118381500244,1.1414595582699059,-0.0014511386197473275,-0.0015386186232345942,0,sl
2026-07-07 22:00:00,2026-07-07 21:00:00,BUY,1.1411616802215576,1.1423349380493164,0.0010281258546387395,0.0009404958529192768,1,timeout
2026-07-08 07:00:00,2026-07-08 06:00:00,SELL,1.1425960063934326,1.14093159407973,0.001456693620833005,0.00136917362300311,1,tp
2026-07-08 10:00:00,2026-07-08 09:00:00,SELL,1.1409013271331787,1.1428747941333206,-0.001729743802735939,-0.001817393801576134,0,sl
2026-07-09 02:00:00,2026-07-09 01:00:00,BUY,1.1428571939468384,1.1448172599297717,0.001715057658397523,0.0016275576623090776,1,tp
2026-07-09 08:00:00,2026-07-09 07:00:00,BUY,1.1439030170440674,1.144164800643921,0.00022885121898696958,0.0001414312205168129,1,timeout
2026-07-10 01:00:00,2026-07-10 00:00:00,BUY,1.1442956924438477,1.1459834100021997,0.0014748963659449998,0.0013875063664367153,1,tp
2026-07-10 04:00:00,2026-07-10 03:00:00,BUY,1.145213007926941,1.1434084394486073,-0.0015757491976101656,-0.0016630691977392417,0,sl
2026-07-10 10:00:00,2026-07-10 09:00:00,BUY,1.143118381500244,1.1420739889144895,-0.0009136346704387011,-0.0010011146739259678,0,timeout
2026-07-13 01:00:00,2026-07-13 00:00:00,BUY,1.1398608684539795,1.1417539008942272,0.0016607574596496644,0.001573027454376624,1,tp
2026-07-13 09:00:00,2026-07-13 08:00:00,BUY,1.1439030170440674,1.141680322109947,-0.0019430798774042746,-0.0020304998758744314,0,sl
2026-07-14 02:00:00,2026-07-14 01:00:00,SELL,1.139211654663086,1.140380859375,-0.001026327905905955,-0.0011141079067430901,0,timeout
2026-07-14 11:00:00,2026-07-14 10:00:00,BUY,1.1394712924957275,1.1412613604377688,0.0015709636160474716,0.001483203616599855,1,tp
2026-07-15 06:00:00,2026-07-15 05:00:00,BUY,1.144426703453064,1.1425403941727346,-0.001648256961007566,-0.0017356369563347209,0,sl
2026-07-15 09:00:00,2026-07-15 08:00:00,SELL,1.1427265405654907,1.1445575952529907,-0.0016023559640032659,-0.001689865964384034,0,timeout
2026-07-16 06:00:00,2026-07-16 05:00:00,SELL,1.1467890739440918,1.1450637607850542,0.0015044729656377154,0.0014172729719579055,1,tp
2026-07-17 00:00:00,2026-07-16 23:00:00,BUY,1.144819736480713,1.1449507474899292,0.00011443811199396414,2.7088115471883095e-05,1,timeout
2026-07-17 09:00:00,2026-07-17 08:00:00,SELL,1.144426703453064,1.144164800643921,0.00022885066239086704,0.00014147066706371214,1,timeout
2026-07-20 00:00:00,2026-07-19 23:00:00,SELL,1.142987847328186,1.1446337491047698,-0.001439999366949607,-0.0015274893610328834,0,sl
2026-07-20 06:00:00,2026-07-20 05:00:00,BUY,1.144426703453064,1.1430313355327149,-0.0012192724235976504,-0.0013066524189248054,0,sl
2026-07-20 14:00:00,2026-07-20 13:00:00,SELL,1.1419435739517212,1.1416828632354736,0.0002283043770239246,0.00014073437594764741,1,timeout
2026-07-20 23:00:00,2026-07-20 22:00:00,SELL,1.1416828632354736,1.1425960063934326,-0.000799822076133383,-0.0008874120743896456,0,timeout
2026-07-21 08:00:00,2026-07-21 07:00:00,BUY,1.1425960063934326,1.1413733677811184,-0.001070053286964856,-0.001157573284794751,0,sl
2026-07-21 15:00:00,2026-07-21 14:00:00,SELL,1.1409013271331787,1.1402509212493896,0.0005700807495976346,0.00048243075075743956,1,timeout
2026-07-22 00:00:00,2026-07-21 23:00:00,SELL,1.140380859375,1.141613074759032,-0.0010805296966378553,-0.0011682196987787244,0,sl
2026-07-22 08:00:00,2026-07-22 07:00:00,SELL,1.141291856765747,1.1416828632354736,-0.00034259989450435846,-0.00043021990108478325,0,timeout
2026-07-22 19:00:00,2026-07-22 18:00:00,BUY,1.141422152519226,1.142700648215617,0.0011200901380521433,0.0010324801334808367,1,tp
2026-07-23 04:00:00,2026-07-23 03:00:00,SELL,1.143118381500244,1.1419050769583707,0.0010613988555417952,0.0009739188520545285,1,tp
2026-07-23 10:00:00,2026-07-23 09:00:00,SELL,1.1416828632354736,1.1403037791579156,0.001207939719485518,0.0011203497212292554,1,tp
2026-07-23 14:00:00,2026-07-23 13:00:00,BUY,1.1377859115600586,1.1381744146347046,0.0003414553394436304,0.00025356534275445847,1,timeout
2026-07-24 01:00:00,2026-07-24 00:00:00,BUY,1.1388224363327026,1.1386927366256714,-0.00011388931486888687,-0.00020169931650709257,0,timeout
2026-07-24 10:00:00,2026-07-24 09:00:00,BUY,1.139211654663086,1.1376812839060968,-0.0013433594632963342,-0.0014311394641334694,0,sl
2026-07-24 13:00:00,2026-07-24 12:00:00,SELL,1.1373976469039917,1.139104977371045,-0.001501084929884211,-0.0015890049289032007,0,sl
2026-07-26 23:00:00,2026-07-24 21:00:00,SELL,1.1393414735794067,1.1408784279610866,-0.0013489848454750764,-0.0014367548444779526,0,sl
2026-07-27 02:00:00,2026-07-27 01:00:00,BUY,1.1416828632354736,1.1399909257888794,-0.0014819679799689123,-0.0015695579782251748,0,timeout
2026-07-27 11:00:00,2026-07-27 10:00:00,BUY,1.1398608684539795,1.1381328989003694,-0.0015159477804986832,-0.0016036777857717235,0,sl
2026-07-27 22:00:00,2026-07-27 21:00:00,SELL,1.137268304824829,1.1370097398757937,0.00022735615504143603,0.00013942615683806326,1,timeout
2026-07-28 07:00:00,2026-07-28 06:00:00,SELL,1.1371389627456665,1.1386936457084098,-0.0013671881921883955,-0.0014551281918508345,0,sl
2026-07-29 01:00:00,2026-07-29 00:00:00,SELL,1.1394712924957275,1.1399909257888794,-0.00045603017519968425,-0.0005437901746473008,0,timeout
2026-07-29 10:00:00,2026-07-29 09:00:00,SELL,1.1394712924957275,1.137954473629723,0.001331160228427053,0.0012434002289794363,1,tp
2026-07-29 14:00:00,2026-07-29 13:00:00,SELL,1.1396011114120483,1.1412182814346992,-0.0014190667299780468,-0.0015068167321486245,0,sl
2026-07-30 01:00:00,2026-07-30 00:00:00,BUY,1.1461317539215088,1.145213007926941,-0.0008016059160950162,-0.0008888559199953953,0,timeout
2026-07-30 10:00:00,2026-07-30 09:00:00,BUY,1.1467890739440918,1.149304332121998,0.0021933049721651887,0.002106104978485379,1,tp
2026-07-30 22:00:00,2026-07-30 21:00:00,BUY,1.1530035734176636,1.151012897491455,-0.0017265132321384602,-0.0018132432322056637,0,timeout
2026-07-31 07:00:00,2026-07-31 06:00:00,BUY,1.1520737409591677,1.1498403019225352,-0.0019386250699309215,-0.0020254250693100793,0,sl
2026-07-31 13:00:00,2026-07-31 12:00:00,BUY,1.1491611003875732,1.1467522427292438,-0.0020961879561681718,-0.0021832079570768986,0,sl
2026-08-03 13:00:00,2026-08-03 12:00:00,BUY,1.1532695293426514,1.150920153928327,-0.002037143403644359,-0.0021238534028732462,0,sl
2026-08-04 02:00:00,2026-08-04 01:00:00,BUY,1.1516757011413574,1.151145339012146,-0.0004605134315900372,-0.0005473434306087679,0,timeout
2026-08-04 11:00:00,2026-08-04 10:00:00,SELL,1.1516757011413574,1.153320851659265,-0.0014284841785559,-0.0015153141775746306,0,sl
2026-08-04 16:00:00,2026-08-04 15:00:00,BUY,1.1528706550598145,1.1535356044769287,0.0005767771208295969,0.000490037121367288,1,timeout
2026-08-05 01:00:00,2026-08-05 00:00:00,SELL,1.1532695293426514,1.1547052962775337,-0.0012449534981651134,-0.0013316634973940002,0,sl
2026-08-05 08:00:00,2026-08-05 07:00:00,SELL,1.154334545135498,1.1558954511700956,-0.0013522128755267815,-0.0014388428741016416,0,sl
2026-08-05 14:00:00,2026-08-05 13:00:00,SELL,1.1551345586776731,1.1555349826812744,-0.00034664706426901226,-0.00043321706535570285,0,timeout
2026-08-05 23:00:00,2026-08-05 22:00:00,SELL,1.1558021306991575,1.1548677682876587,0.0008084103556147415,0.0007218903559159099,1,timeout
2026-08-06 08:00:00,2026-08-06 07:00:00,SELL,1.1547343730926514,1.1533990545935502,0.0011563858582687159,0.001069785855419423,1,tp
2026-08-06 21:00:00,2026-08-06 20:00:00,SELL,1.1530035734176636,1.152737736701965,0.00023056018370393172,0.00014383018363672807,1,timeout
2026-08-07 06:00:00,2026-08-07 05:00:00,BUY,1.152737736701965,1.1538461607557626,0.0009615578795647561,0.000874807878401348,1,tp
2026-08-10 01:00:00,2026-08-10 00:00:00,SELL,1.156203031539917,1.1564704179763794,-0.00023126252843863604,-0.00031775252826748323,0,timeout
2026-08-10 10:00:00,2026-08-10 09:00:00,SELL,1.1559356451034546,1.1545793182148734,0.0011733584774608063,0.001086848471109155,1,tp
2026-08-10 20:00:00,2026-08-10 19:00:00,BUY,1.1544678211212158,1.1546010971069336,0.00011544365575155702,2.8823658060430127e-05,1,timeout
2026-08-11 05:00:00,2026-08-11 04:00:00,BUY,1.1544678211212158,1.1546010971069336,0.00011544365575155702,2.8823658060430127e-05,1,timeout
2026-08-11 15:00:00,2026-08-11 14:00:00,BUY,1.1546010971069336,1.1547343730926514,0.00011543033005234626,2.8820330936141987e-05,1,timeout
2026-08-12 02:00:00,2026-08-12 01:00:00,BUY,1.1542012691497805,1.1552181165482047,0.0008809966039746708,0.0007943566022064671,1,tp
2026-08-12 12:00:00,2026-08-12 11:00:00,BUY,1.1547343730926514,1.155872474253412,0.0009855956376465524,0.0008989956347972596,1,tp
2026-08-12 14:00:00,2026-08-12 13:00:00,SELL,1.1555349826812744,1.1539898300165836,0.001337175150773473,0.0012506351485245038,1,tp
2026-08-13 02:00:00,2026-08-13 01:00:00,SELL,1.1528706550598145,1.1538017988204956,-0.0008076740930080817,-0.0008944140924703906,0,timeout
2026-08-13 11:00:00,2026-08-13 10:00:00,BUY,1.1539349555969238,1.1532695293426514,-0.0005766583731994235,-0.0006633183703812148,0,timeout
2026-08-14 00:00:00,2026-08-13 23:00:00,BUY,1.1536686420440674,1.1551090921865246,0.0012485822097971777,0.0011619022079702925,1,tp
2026-08-14 09:00:00,2026-08-14 08:00:00,SELL,1.1559356451034546,1.1572040330844242,-0.0010972825229003114,-0.0011837925292519627,0,sl
2026-08-14 13:00:00,2026-08-14 12:00:00,SELL,1.1570056676864624,1.1584787171204163,-0.001273156627572325,-0.0013595866276949337,0,sl
2026-08-14 15:00:00,2026-08-14 14:00:00,SELL,1.1584800481796265,1.1568295718510757,0.0014246911987342292,0.0013383711967996817,1,tp
2026-08-14 19:00:00,2026-08-14 18:00:00,SELL,1.1570056676864624,1.1586208802169293,-0.0013960281920628592,-0.001482458192185468,0,sl
2026-08-17 03:00:00,2026-08-17 02:00:00,SELL,1.1583458185195925,1.159707374176182,-0.001175431062832022,-0.0012617610675691251,0,sl
2026-08-17 08:00:00,2026-08-17 07:00:00,SELL,1.161035656929016,1.1594838348152186,0.001336584371492977,0.0012504543724673623,1,tp
2026-08-17 12:00:00,2026-08-17 11:00:00,SELL,1.1595547199249268,1.1579312257083136,0.0014001014257595257,0.001313861424937077,1,tp
2026-08-18 00:00:00,2026-08-17 23:00:00,SELL,1.1586142778396606,1.1576753854751587,0.0008103580134128929,0.0007240480119631793,1,timeout
2026-08-18 09:00:00,2026-08-18 08:00:00,SELL,1.157809495925903,1.1583458185195925,-0.0004632217956206386,-0.000549591790297552,0,timeout
2026-08-19 05:00:00,2026-08-19 04:00:00,BUY,1.1590172052383425,1.1602703816052151,0.001081240521028315,0.0009949605248832742,1,tp
2026-08-19 10:00:00,2026-08-19 09:00:00,SELL,1.1609008312225342,1.1622580572897538,-0.0011691145623440313,-0.0012552545644100915,0,sl
2026-08-19 14:00:00,2026-08-19 13:00:00,SELL,1.16604483127594,1.1680414062208249,-0.0017122625917393997,-0.0017980225876827593,0,sl
2026-08-20 05:00:00,2026-08-20 04:00:00,BUY,1.1676785945892334,1.1694982472821627,0.0015583506466259056,0.001472710642207414,1,tp
2026-08-20 09:00:00,2026-08-20 08:00:00,SELL,1.1702749729156494,1.1683410816346123,0.0016525101585476154,0.0015670601555018717,1,tp
2026-08-20 14:00:00,2026-08-20 13:00:00,SELL,1.1680878400802612,1.1680878400802612,-0.0,-8.561000000918496e-05,0,timeout
2026-08-21 01:00:00,2026-08-21 00:00:00,BUY,1.168770432472229,1.1705351924972063,0.001509928704514163,0.0014243687029760713,1,tp
2026-08-21 10:00:00,2026-08-21 09:00:00,SELL,1.1702749729156494,1.16837635069222,0.0016223727477475691,0.0015369227447018254,1,tp
2026-08-24 00:00:00,2026-08-23 23:00:00,SELL,1.1686338186264038,1.1670128346847624,0.0013870760162895124,0.0013015060127467956,1,tp
2026-08-24 09:00:00,2026-08-24 08:00:00,SELL,1.1667250394821167,1.1668611764907837,-0.000116683026471609,-0.00020239302378544723,0,timeout
2026-08-25 01:00:00,2026-08-25 00:00:00,BUY,1.166997313499451,1.165741859963095,-0.0010757981375218995,-0.0011614881376986197,0,sl
2026-08-25 07:00:00,2026-08-25 06:00:00,BUY,1.1656370162963867,1.1668172046339396,0.0010124835785523256,0.0009266935782332443,1,tp
2026-08-25 10:00:00,2026-08-25 09:00:00,SELL,1.1671334505081177,1.1678149700164795,-0.0005839259495690197,-0.0006696059546759459,0,timeout
2026-08-25 19:00:00,2026-08-25 18:00:00,BUY,1.1678149700164795,1.1671334505081177,-0.0005835851790392255,-0.0006692151825650314,0,timeout
2026-08-26 04:00:00,2026-08-26 03:00:00,SELL,1.1668611764907837,1.1672697067260742,-0.0003501104017524792,-0.0004358103993312313,0,timeout
2026-08-26 13:00:00,2026-08-26 12:00:00,SELL,1.1659088134765625,1.1656370162963867,0.0002331204439267598,0.00014735044301063732,1,timeout
2026-08-27 01:00:00,2026-08-27 00:00:00,BUY,1.16604483127594,1.165229558944702,-0.0006991775181970361,-0.0007849375141403957,0,timeout
2026-08-27 10:00:00,2026-08-27 09:00:00,BUY,1.16441547870636,1.165482833788688,0.0009166445326831418,0.0008307645338092881,1,tp
2026-08-27 15:00:00,2026-08-27 14:00:00,SELL,1.164958119392395,1.1657729148864746,-0.0006994204173662588,-0.0007852604131011757,0,timeout
2026-08-28 00:00:00,2026-08-27 23:00:00,BUY,1.1657729148864746,1.1646262813915271,-0.0009835822056812882,-0.0010693622051331868,0,sl
2026-08-28 09:00:00,2026-08-28 08:00:00,BUY,1.164822340011597,1.1637953970322583,-0.0008816305663645885,-0.0009674805681760273,0,sl
2026-08-31 00:00:00,2026-08-30 23:00:00,SELL,1.1592857837677002,1.1606314182281494,-0.0011607443818346663,-0.001247004388987517,0,timeout
2026-08-31 09:00:00,2026-08-31 08:00:00,BUY,1.1599582433700562,1.161627494828023,0.0014390616795971756,0.0013528516797359155,1,tp
2026-09-01 00:00:00,2026-08-31 23:00:00,SELL,1.1619800329208374,1.1606401331515774,0.0011531177225927447,0.0010670577239982485,1,tp
2026-09-01 06:00:00,2026-09-01 05:00:00,BUY,1.161035656929016,1.1597900374818497,-0.0010728520177071266,-0.0011589820167327413,0,sl
2026-09-01 09:00:00,2026-09-01 08:00:00,BUY,1.15968918800354,1.1588828563690186,-0.000695299777615066,-0.0007815297787519696,0,timeout
2026-09-02 01:00:00,2026-09-02 00:00:00,BUY,1.1587486267089844,1.1574066695378868,-0.0011581089635539499,-0.0012444089579574079,0,sl
2026-09-02 08:00:00,2026-09-02 07:00:00,BUY,1.1582117080688477,1.1596901428084019,0.0012764805684957192,0.0011901405675241044,1,tp
2026-09-03 01:00:00,2026-09-03 00:00:00,BUY,1.1592857837677002,1.1606075992891138,0.0011401981633190061,0.0010539381561661555,1,tp
2026-09-03 08:00:00,2026-09-03 07:00:00,SELL,1.1606314182281494,1.1621348943653442,-0.001295395001015942,-0.0013815549984358489,0,sl
2026-09-03 14:00:00,2026-09-03 13:00:00,SELL,1.1626555919647217,1.163061261177063,-0.0003489160634886357,-0.00043492605706808797,0,timeout
2026-09-04 00:00:00,2026-09-03 23:00:00,SELL,1.1631964445114136,1.1626555919647217,0.0004649709421343795,0.0003790009407026748,1,timeout
2026-09-04 09:00:00,2026-09-04 08:00:00,SELL,1.1626555919647217,1.1612839640513009,0.0011797370802671958,0.0010937270866877434,1,tp
2026-09-04 14:00:00,2026-09-04 13:00:00,SELL,1.16130530834198,1.1621150970458984,-0.0006973090522375269,-0.0007834190521502735,0,timeout
2026-09-07 01:00:00,2026-09-07 00:00:00,SELL,1.1621150970458984,1.1636522076835407,-0.001322683649450651,-0.0014087336459219133,0,sl
2026-09-07 10:00:00,2026-09-07 09:00:00,SELL,1.1623852252960205,1.1629259586334229,-0.0004651928858305787,-0.0005512228850285927,0,timeout
2026-09-07 23:00:00,2026-09-07 22:00:00,BUY,1.1629259586334229,1.162520408630371,-0.00034873243652444597,-0.00043472243378748067,0,timeout
2026-09-08 08:00:00,2026-09-08 07:00:00,SELL,1.1615750789642334,1.1629206124067644,-0.001158369757494171,-0.0012444597587441713,0,sl
2026-09-08 15:00:00,2026-09-08 14:00:00,SELL,1.1634671688079834,1.1629259586334229,0.00046517013033986476,0.00037922013305506484,1,timeout
2026-09-09 01:00:00,2026-09-09 00:00:00,BUY,1.1634671688079834,1.1646797269371925,0.001042193679131831,0.000956243681847031,1,tp
2026-09-09 08:00:00,2026-09-09 07:00:00,BUY,1.1645511388778689,1.1633623575990162,-0.0010208064198865552,-0.001106676414480659,0,sl
2026-09-09 11:00:00,2026-09-09 10:00:00,SELL,1.1633317470550537,1.1646985600041941,-0.0011749124466005068,-0.0012608724491992044,0,sl
2026-09-09 13:00:00,2026-09-09 12:00:00,SELL,1.164958119392395,1.1634100905433582,0.0013288278979884938,0.0012429879022535768,1,tp
2026-09-09 23:00:00,2026-09-09 22:00:00,BUY,1.1641442775726318,1.1642799377441406,0.00011653209496653716,3.0632089334493905e-05,1,timeout
2026-09-10 08:00:00,2026-09-10 07:00:00,BUY,1.1642799377441406,1.1629568073132894,-0.0011364366832729011,-0.0012223266799636933,0,sl
2026-09-10 12:00:00,2026-09-10 11:00:00,SELL,1.1621150970458984,1.1606481156330437,0.0012623374539955101,0.001176287457524248,1,tp
2026-09-11 00:00:00,2026-09-10 23:00:00,BUY,1.161440134048462,1.1607661247253418,-0.0005803220530796738,-0.00066642205691838,0,timeout
2026-09-11 09:00:00,2026-09-11 08:00:00,BUY,1.1603620052337646,1.1587702153934025,-0.0013718045171958737,-0.0014579845192546745,0,sl
2026-09-14 00:00:00,2026-09-13 23:00:00,BUY,1.15968918800354,1.1580643879509984,-0.00140106510377902,-0.0014872951049159236,0,sl
2026-09-14 05:00:00,2026-09-14 04:00:00,SELL,1.1568717956542969,1.155216929897303,0.0014304659887208748,0.0013440259870062142,1,tp
2026-09-14 09:00:00,2026-09-14 08:00:00,BUY,1.154334545135498,1.1562014014697988,0.001617257615799339,0.0015306276172244789,1,tp
2026-09-15 00:00:00,2026-09-14 23:00:00,BUY,1.1551345586776731,1.153308501543636,-0.001580817680779556,-0.0016673876818662466,0,sl
2026-09-15 08:00:00,2026-09-15 07:00:00,BUY,1.1544678211212158,1.1544678211212158,0.0,-8.661999769112689e-05,0,timeout
2026-09-16 00:00:00,2026-09-15 23:00:00,BUY,1.154068112373352,1.1555212244672477,0.0012591216049695486,0.0011724716066480899,1,tp
2026-09-16 09:00:00,2026-09-16 08:00:00,SELL,1.154334545135498,1.1538017988204956,0.00046151812509420687,0.00037488812651934674,1,timeout
2026-09-17 01:00:00,2026-09-17 00:00:00,SELL,1.1462632417678833,1.148489561754094,-0.001942241454743865,-0.0020294814501970646,0,sl
2026-09-17 08:00:00,2026-09-17 07:00:00,SELL,1.1477103233337402,1.149706064516781,-0.0017388892845746629,-0.0018260192841633492,0,sl
2026-09-17 23:00:00,2026-09-17 22:00:00,BUY,1.1481056213378906,1.1486331224441528,0.0004594534653070692,0.00037235346497480905,1,timeout
2026-09-18 08:00:00,2026-09-18 07:00:00,BUY,1.1487650871276855,1.147312158579333,-0.001264774290786752,-0.0013518242900603503,0,sl
2026-09-18 13:00:00,2026-09-18 12:00:00,BUY,1.1471836566925049,1.1490005660602978,0.0015837999061381058,0.001496629905574888,1,tp
